;0;1;2;3;4;5;6;7;8;9;10;11;12;13;14;15;16;17;18;19;20;21;22;23;24;25;26;27;28;29;30;31;32;33;34;35;36;37;38;39;40;41;42;43;44;45;46;47;48
0;0.000532;-0.00043799999999999997;-0.001092;-0.000259;-0.0005909999999999999;0.000579;-0.003;0.000246;-0.000509;0.000395;0.000171;0.000132;0.00037799999999999997;0.000171;0.00020199999999999998;0.00034600000000000006;0.00018100000000000004;0.000297;0.000415;0.00035600000000000003;0.000185;0.00014199999999999998;0.00039200000000000004;0.00036200000000000007;0.00018899999999999999;0.000184;0.000183;4.6e-05;0.0004;0.000232;0.00020899999999999998;0.000526;0.000476;0.000221;0.000222;-0.0010290000000000002;0.000369;-0.0006490000000000001;-0.000301;-0.0007509999999999999;3.600000000000001e-05;0.00034700000000000003;5.4000000000000005e-05;-0.0018640000000000002;-0.000574;0.000273;0.00024100000000000003;0.000286;-0.003
1;0.000555;0.00040399999999999995;0.00032700000000000003;0.000302;0.000419;0.0005859999999999999;-0.0029539999999999996;0.000727;0.000569;0.000395;0.000177;0.000132;0.00037799999999999997;0.000165;0.00020199999999999998;0.00018600000000000002;0.000175;0.000297;0.00023300000000000003;0.00043200000000000004;0.000185;0.00014199999999999998;0.00036200000000000007;0.000467;4.8e-05;0.00017800000000000002;0.000183;-0.00021600000000000002;0.000394;0.000232;0.00020899999999999998;0.0005200000000000001;0.00047700000000000005;0.000221;0.0005760000000000001;0.000329;0.00047;0.000473;0.00028800000000000006;0.000484;0.000451;6.900000000000001e-05;0.00037600000000000003;0.00043700000000000005;0.000537;0.000329;0.00038799999999999994;0.000579;-0.003
2;0.000555;0.00041;0.000321;0.000302;0.000413;0.0005859999999999999;-0.002948;0.000727;0.000569;0.00040100000000000004;0.000171;5.599999999999999e-05;0.000384;0.000165;0.00020800000000000001;7.000000000000001e-05;0.000175;0.000303;0.00023899999999999998;0.00043200000000000004;0.000191;0.00014199999999999998;0.00032799999999999995;0.000467;5.4000000000000005e-05;0.00017800000000000002;0.000183;-0.000263;0.000394;0.000232;0.000215;0.0005200000000000001;0.00047700000000000005;0.000215;0.0005760000000000001;0.000329;0.00047;0.000473;0.00028800000000000006;0.000484;0.000451;6.900000000000001e-05;0.00037600000000000003;0.00043700000000000005;0.000537;0.000389;0.00038799999999999994;0.000579;-0.001685
3;0.0005610000000000001;0.00040399999999999995;0.000321;0.000298;0.000213;0.0005859999999999999;-0.0029539999999999996;0.0005570000000000001;0.00035299999999999996;0.000395;0.000171;-0.000331;0.00037799999999999997;0.000165;3.2e-05;-3e-05;0.000175;0.000297;0.000263;0.00043200000000000004;0.000185;0.00014199999999999998;0.000322;0.000255;0.00018899999999999999;0.00017800000000000002;0.00018899999999999999;4.6e-05;0.000394;0.000232;0.00020899999999999998;0.0005200000000000001;0.00029;3.2e-05;0.0006940000000000001;0.000329;0.00047;0.000473;0.00028800000000000006;0.000484;0.000451;0.00038;0.00037600000000000003;0.00043700000000000005;0.000543;0.000429;0.00038799999999999994;0.000579;-0.0009050000000000001
4;0.000555;0.00040399999999999995;0.000321;0.00048100000000000004;0.000213;0.0005859999999999999;-0.002948;0.0005570000000000001;0.00034700000000000003;0.000395;0.000171;-0.00034600000000000006;0.00037799999999999997;0.000165;3.2e-05;-0.000315;0.000175;0.000297;0.000263;0.00031800000000000003;0.000185;0.00014800000000000002;0.00036200000000000007;0.000473;0.00018899999999999999;0.00017800000000000002;0.000183;4.6e-05;0.000394;0.000238;0.00020899999999999998;0.0005200000000000001;0.00036700000000000003;3.2e-05;0.0006940000000000001;0.000329;0.00047;0.000473;0.00028800000000000006;0.000484;0.000451;0.00038;0.00037600000000000003;0.00033299999999999996;0.000537;0.00023600000000000002;0.00038799999999999994;0.000579;0.000545
5;0.000399;0.00025;0.000321;0.000363;0.000413;0.0005859999999999999;-0.002948;0.000727;0.000569;0.000395;0.000171;-0.000435;0.00037799999999999997;0.000171;0.00020199999999999998;-0.00029600000000000004;9.6e-05;0.000297;0.000415;0.000312;0.000185;0.00014199999999999998;0.000262;0.00035200000000000005;0.00018899999999999999;0.000184;7.9e-05;-0.00016800000000000002;0.000394;0.000232;0.00020899999999999998;0.00034899999999999997;0.00036700000000000003;0.000215;0.0006940000000000001;0.00024;0.000476;0.000473;0.00028800000000000006;0.000484;0.000451;0.00038;0.00037600000000000003;0.00033299999999999996;0.000373;0.000245;0.00038799999999999994;0.000579;0.000446
6;0.000399;0.00025;0.000321;0.000363;0.000413;0.0005920000000000001;-0.0029460000000000003;0.000569;0.000569;0.000395;0.000177;-0.000157;0.00037799999999999997;0.000165;0.00020199999999999998;0.000381;0.000175;0.000297;0.000415;0.00043200000000000004;0.000185;0.00014199999999999998;0.000292;0.00035200000000000005;-0.00010400000000000001;0.00017800000000000002;-0.000137;-0.00016800000000000002;0.0004;0.000232;0.00020899999999999998;0.000343;0.00047700000000000005;0.000221;0.0007;0.00024;0.00047;0.000473;0.00028800000000000006;0.00013800000000000002;0.000451;0.00038;0.00037600000000000003;0.00043700000000000005;0.000373;0.000102;0.0002;0.000579;0.000446
7;0.000439;0.00041;0.000321;0.00048100000000000004;0.000413;0.0005859999999999999;-0.00141;0.000389;0.000569;0.000395;3.2e-05;0.00017800000000000002;0.00037799999999999997;0.000165;0.00020800000000000001;0.000381;0.000175;0.000297;0.000415;0.00043200000000000004;0.000191;3.600000000000001e-05;0.00039799999999999997;0.000467;-9.800000000000001e-05;4e-06;-3.3e-05;5.2000000000000004e-05;0.000394;0.000232;0.000215;0.00034;0.00047700000000000005;0.000221;0.0005760000000000001;0.000329;0.00047;0.000479;0.00028800000000000006;0.00027;0.000342;0.00038;0.00037600000000000003;0.000238;0.000373;0.000246;0.0002;0.000585;0.000545
8;0.000439;0.00040399999999999995;0.000321;0.000308;0.000413;0.0005859999999999999;0.0002;0.000541;0.000395;0.000395;3.2e-05;8.199999999999999e-05;0.000384;4.2999999999999995e-05;0.00020199999999999998;0.000264;-2.6000000000000002e-05;8.199999999999999e-05;0.00023300000000000003;0.00043200000000000004;0.000185;-0.000161;0.00021100000000000003;0.000467;0.00018899999999999999;4e-06;0.00018899999999999999;4.6e-05;0.000228;2.6000000000000002e-05;0.00020899999999999998;0.00034;0.00047700000000000005;0.000215;0.0005760000000000001;0.000329;0.00047;0.000151;0.00028800000000000006;0.000484;0.00019800000000000002;0.00038;0.00018600000000000002;0.000238;0.000537;0.000299;0.00038799999999999994;0.000579;0.000545
9;0.000555;5.5e-05;0.000321;0.000302;0.000413;0.000354;0.000716;0.000727;0.000395;0.000289;0.000171;8.199999999999999e-05;0.00037799999999999997;4.2999999999999995e-05;0.00020199999999999998;0.00038700000000000003;-2.6000000000000002e-05;7.6e-05;0.00023899999999999998;0.00043200000000000004;0.000185;-5.5e-05;0.00021100000000000003;0.000467;0.00018899999999999999;0.00017800000000000002;0.000183;4.6e-05;6.999999999999999e-06;0.000238;0.00020899999999999998;0.0005200000000000001;0.000483;8.400000000000001e-05;0.0006940000000000001;0.000329;0.00047;0.000151;0.00028800000000000006;0.000484;0.00011800000000000001;0.00038;0.00018600000000000002;0.00043700000000000005;0.000537;7.6e-05;0.00028100000000000005;0.00047100000000000006;0.00034899999999999997
10;0.000555;0.000204;0.000321;0.000302;0.000413;0.000354;0.000716;0.000727;0.000569;0.00028300000000000005;0.000171;0.00017199999999999998;0.00037799999999999997;0.000165;0.00020199999999999998;0.000381;0.00018100000000000004;0.000297;0.000415;0.000221;-1e-05;-4.9000000000000005e-05;0.00039200000000000004;0.000473;0.00018899999999999999;0.00017800000000000002;0.000183;4.6e-05;0.00017300000000000003;0.000232;0.00020899999999999998;0.000526;0.00028399999999999996;-9.900000000000001e-05;0.0006940000000000001;0.00018800000000000002;0.00047;0.000473;0.00028800000000000006;0.000484;0.000262;0.000274;0.00037600000000000003;0.00043700000000000005;0.000537;0.000182;0.00028100000000000005;0.00047100000000000006;0.000343
11;0.000555;0.000307;0.000321;0.000298;0.000213;0.0005859999999999999;0.000716;0.0005570000000000001;0.000569;0.000395;0.000177;2.7999999999999996e-05;0.00037799999999999997;1e-05;0.00020199999999999998;0.00025;0.000175;0.000297;0.000415;0.000215;-1e-05;0.00014199999999999998;0.00039200000000000004;0.000255;0.00018899999999999999;0.000184;0.000183;4.6e-05;0.0004;0.000232;0.00020899999999999998;0.0005200000000000001;0.00047700000000000005;3.2e-05;0.0007;0.00018800000000000002;0.00047;0.000473;0.00028800000000000006;0.000484;0.000451;0.000274;0.00037600000000000003;0.000443;0.000537;0.00034700000000000003;0.000394;0.000579;0.000545
12;0.000555;0.000307;0.000321;0.000363;0.000413;0.0005859999999999999;0.000716;0.000727;0.000569;0.000395;0.000171;-0.000132;0.00037799999999999997;4e-06;0.00020800000000000001;0.00025;0.000175;0.000297;0.000263;0.00043200000000000004;0.000185;0.00014199999999999998;0.00039799999999999997;0.00035200000000000005;0.00018899999999999999;0.00017800000000000002;0.000183;4.6e-05;0.000394;0.000232;0.000215;0.000399;0.00036700000000000003;0.000215;0.0006940000000000001;0.000335;0.00047;0.000473;0.00028800000000000006;0.000358;0.00045700000000000005;0.00038;0.00037600000000000003;0.00033299999999999996;0.000373;0.000222;0.00038799999999999994;0.000579;0.000545
13;0.000555;0.00041;0.000321;0.00048100000000000004;0.000413;0.0005859999999999999;0.000716;0.000727;0.00034700000000000003;0.000395;3.2e-05;6e-06;0.000384;0.000165;0.00020199999999999998;0.000381;0.000175;0.000303;0.000263;0.00043200000000000004;0.000191;0.00014199999999999998;0.00039200000000000004;0.00035200000000000005;9.2e-05;0.00017800000000000002;0.000183;-0.000162;0.000394;0.000232;0.00020899999999999998;0.000222;0.00036700000000000003;0.000215;0.000521;0.000329;0.00047;0.000473;0.000294;0.00035200000000000005;0.000451;0.000386;0.00037600000000000003;0.00033299999999999996;0.000373;0.000415;0.0002;0.000579;0.000545
14;0.000555;0.00040399999999999995;0.00032700000000000003;0.00048100000000000004;0.000419;0.0005859999999999999;0.0005620000000000001;0.000727;0.00034700000000000003;0.00028300000000000005;3.2e-05;-8.1e-05;0.00037799999999999997;0.000165;3.2e-05;0.00038700000000000003;-2.6000000000000002e-05;0.000297;0.000415;0.00043200000000000004;0.000185;0.00014199999999999998;0.00039200000000000004;0.000467;-0.00014199999999999998;0.00017800000000000002;-0.000131;4.6e-05;0.000394;0.000238;0.00020899999999999998;0.000343;0.000483;0.000215;0.000521;0.000329;0.00047;0.000473;0.00028800000000000006;0.000484;0.000451;0.00038;0.00037600000000000003;0.00043700000000000005;0.000537;0.0005390000000000001;0.0002;0.000579;0.000545
15;0.000243;0.00025;0.000321;0.00048100000000000004;0.000413;0.0005859999999999999;0.0005620000000000001;0.000569;0.000569;0.00028300000000000005;0.000171;0.00017199999999999998;0.00037799999999999997;4.2999999999999995e-05;3.2e-05;0.000381;-2.6000000000000002e-05;0.00013600000000000003;0.00042100000000000004;0.00043799999999999997;0.000185;0.00014800000000000002;0.00021100000000000003;0.000473;-0.00014199999999999998;4e-06;-0.000137;4.6e-05;0.000228;0.000232;0.00020899999999999998;0.000169;0.00047700000000000005;0.000215;0.000521;0.000329;0.00047;0.000151;0.00028800000000000006;0.000484;0.000342;0.00038;0.00037600000000000003;0.000238;0.000537;0.0005390000000000001;0.00038799999999999994;0.00047100000000000006;0.000545
16;0.000249;0.00025;0.000321;0.00048100000000000004;0.000413;0.0005859999999999999;0.000716;0.000383;0.000569;0.00040100000000000004;0.000177;0.00017199999999999998;0.00037799999999999997;4.9000000000000005e-05;0.00020199999999999998;0.000381;0.00018100000000000004;-8.5e-05;0.000415;0.00043200000000000004;0.000185;0.00014199999999999998;0.000111;0.000467;0.00018899999999999999;1e-05;0.000183;4.6e-05;1.3000000000000001e-05;2.6000000000000002e-05;0.00020899999999999998;0.00034;0.00047700000000000005;3.2e-05;0.000582;0.000329;0.00047;0.000151;0.00028800000000000006;0.000484;0.000342;0.00038;0.00037600000000000003;0.000238;0.000537;0.000379;0.00038799999999999994;0.00047100000000000006;0.000545
17;0.000399;5.5e-05;0.000321;0.00048100000000000004;0.000413;0.000354;0.000716;0.000541;0.000575;0.000395;0.000171;3.4000000000000007e-05;0.00037799999999999997;0.000165;0.00020800000000000001;0.000381;0.000175;7.6e-05;0.000415;0.000312;-1e-05;0.00014199999999999998;0.00039799999999999997;0.000467;0.00018899999999999999;0.00017800000000000002;0.000183;4.6e-05;0.00017300000000000003;0.000232;0.000215;0.0005200000000000001;0.00047700000000000005;3.2e-05;0.0005760000000000001;0.000329;0.00047;0.000473;0.00028800000000000006;0.00027;0.00011800000000000001;0.00038;0.00037600000000000003;0.00043700000000000005;0.000543;0.000379;0.00028100000000000005;0.000579;0.000545
18;0.000465;6.1e-05;0.000321;0.000298;0.000413;0.000354;0.000716;0.000541;0.000395;0.000395;0.000171;2.7999999999999996e-05;0.000384;4e-06;0.00020199999999999998;0.00025;0.000175;8.199999999999999e-05;0.000415;9.5e-05;-4e-06;-0.000161;0.00039200000000000004;0.000467;0.00019500000000000002;0.00017800000000000002;0.000183;5.2000000000000004e-05;0.000394;0.000232;0.00020899999999999998;0.0005200000000000001;0.00028399999999999996;3.2e-05;0.0006940000000000001;0.000329;0.00047;0.000473;0.00028800000000000006;0.00027;0.00011800000000000001;0.00038;0.00037600000000000003;0.00043700000000000005;0.000537;0.0005390000000000001;0.00038799999999999994;0.000579;0.000545
19;0.00027;0.00040399999999999995;0.000321;0.00048100000000000004;0.000413;0.0005859999999999999;0.000716;0.0005570000000000001;0.000395;0.000395;0.000171;0.00017199999999999998;0.00037799999999999997;4e-06;0.00020199999999999998;0.00013900000000000002;0.000175;0.000297;8.1e-05;0.000215;0.000185;-0.000161;0.00039200000000000004;0.000255;8.599999999999999e-05;0.00017800000000000002;0.00018899999999999999;4.6e-05;0.000394;0.000238;0.00020899999999999998;0.0005200000000000001;0.00029;8.400000000000001e-05;0.0006940000000000001;0.00024;0.000476;0.000473;0.00028800000000000006;0.000484;0.000451;0.000274;0.00037600000000000003;0.00043700000000000005;0.000537;0.000222;0.00038799999999999994;0.000579;0.000545
20;0.00028000000000000003;0.00040399999999999995;0.000321;0.000363;0.000213;0.0005920000000000001;0.000716;0.000727;0.00034700000000000003;0.000395;0.000171;0.00017199999999999998;0.00037799999999999997;0.000165;0.00020199999999999998;0.000264;0.000175;0.000297;8.1e-05;0.00043799999999999997;0.000185;0.00014800000000000002;0.00039200000000000004;0.000358;8.599999999999999e-05;0.00017800000000000002;0.000183;4.6e-05;0.000394;0.000232;0.00020899999999999998;0.00028399999999999996;0.00047700000000000005;8.400000000000001e-05;0.0006940000000000001;0.000329;0.00047;0.000473;0.00028800000000000006;0.000484;0.000451;0.000274;0.00037600000000000003;0.00043700000000000005;0.000373;0.000222;0.0002;0.000579;0.000343
21;0.00033;0.00040399999999999995;0.000321;0.00019;0.000213;0.0005859999999999999;0.000722;0.000733;0.00034700000000000003;0.000395;0.000177;-8.400000000000001e-05;0.00037799999999999997;0.000171;0.00020199999999999998;0.000381;0.00018100000000000004;0.000297;0.000415;0.00043200000000000004;0.000185;0.00014199999999999998;0.00021100000000000003;0.000467;-1e-06;0.000184;-0.000137;-0.00016800000000000002;0.000394;0.000232;0.00020899999999999998;-0.002671;0.00036700000000000003;0.000215;0.0006940000000000001;0.00018800000000000002;0.00047;0.000479;0.00028800000000000006;0.000484;0.000342;0.00038;0.00018600000000000002;0.00043700000000000005;0.000373;0.0005390000000000001;0.0002;0.000585;0.000343
22;0.00035;0.000307;0.000321;0.000302;0.000413;0.0005859999999999999;0.000716;0.000727;0.000569;0.000395;0.000171;-0.000247;0.00037799999999999997;0.000165;3.2e-05;0.000381;0.000175;0.00013600000000000003;0.00042100000000000004;0.00043200000000000004;0.000185;0.00014199999999999998;0.00021100000000000003;0.000467;-1e-06;4e-06;-0.000137;4.6e-05;0.0004;0.000232;0.000215;-0.0028360000000000004;0.00036700000000000003;0.000221;0.0007;0.00018800000000000002;0.00047;0.000151;0.00028800000000000006;0.00035200000000000005;0.000451;0.00038;0.000192;0.000238;0.000537;0.0005390000000000001;0.0002;0.000579;0.000545
23;0.000355;0.00015900000000000002;0.000321;0.00048100000000000004;0.000413;0.0005859999999999999;0.000716;0.000727;0.000569;0.00040100000000000004;0.000171;0.00017800000000000002;0.00037799999999999997;0.000165;3.8e-05;0.000381;0.000175;0.00014199999999999998;0.000415;0.00043200000000000004;0.000191;0.00014199999999999998;0.000117;0.000467;5.4000000000000005e-05;4e-06;-3.3e-05;5.2000000000000004e-05;0.000228;0.000232;0.00020899999999999998;-3.5000000000000004e-05;0.00047700000000000005;0.000221;0.000403;0.000329;0.00047;0.000151;0.00028800000000000006;0.00035200000000000005;0.000451;0.00038;0.00037600000000000003;0.000238;0.000537;0.000545;0.00028100000000000005;0.000579;0.00045200000000000004
24;0.000399;5e-05;0.000321;0.00048100000000000004;0.000413;0.000354;0.000716;0.000541;0.000395;0.00028300000000000005;3.2e-05;0.00017199999999999998;0.000384;0.000165;0.00020199999999999998;0.000256;-2.6000000000000002e-05;0.000297;0.000415;9.5e-05;-1e-05;0.00014199999999999998;0.000292;0.000467;4.8e-05;0.00017800000000000002;0.00018899999999999999;4.6e-05;6.999999999999999e-06;2.6000000000000002e-05;0.00020899999999999998;0.000343;0.000483;0.000215;0.000403;0.000329;0.00047;0.000297;0.00028800000000000006;0.000484;0.000451;0.00038;0.00037600000000000003;0.000134;0.000537;0.0005390000000000001;0.00038799999999999994;0.000579;0.000446
25;0.00028300000000000005;5.5e-05;0.000321;0.000298;0.000413;0.000354;0.000716;0.000541;0.000395;0.00028300000000000005;3.2e-05;0.00017199999999999998;0.00037799999999999997;0.000165;0.00020199999999999998;0.00025;-2.6000000000000002e-05;7.6e-05;0.000263;9.5e-05;-1e-05;0.00014800000000000002;0.00039200000000000004;0.000358;0.00018899999999999999;0.00017800000000000002;0.000183;4.6e-05;0.00017300000000000003;3.2e-05;0.00020899999999999998;0.0005200000000000001;0.00047700000000000005;3.2e-05;0.0006940000000000001;0.000246;0.00047;0.000473;0.00028800000000000006;0.00027;0.000307;0.00038;0.00037600000000000003;0.000339;0.000537;0.0005390000000000001;0.000394;0.000579;0.000545
26;0.000439;0.000204;0.000321;0.00048100000000000004;0.000413;0.0005859999999999999;0.000716;0.000371;0.000569;0.000395;0.000171;0.00017199999999999998;0.00037799999999999997;0.000171;0.00020199999999999998;0.000264;0.00018100000000000004;7.6e-05;8.1e-05;0.000221;0.000185;3.600000000000001e-05;0.00039200000000000004;0.00014000000000000001;0.00018899999999999999;0.000184;0.000183;4.6e-05;0.000394;0.000232;0.00020899999999999998;0.000526;0.00028399999999999996;3.2e-05;0.0006940000000000001;0.00024;0.00047;0.000473;0.00028800000000000006;0.00027;0.00019800000000000002;0.00038;0.00037600000000000003;0.00043700000000000005;0.000537;0.000379;0.00038799999999999994;0.000579;0.000545
27;0.000555;0.00040399999999999995;0.000321;0.000363;0.000213;0.0005859999999999999;0.000716;0.0005570000000000001;0.00034700000000000003;0.000395;0.000177;2.7999999999999996e-05;0.00037799999999999997;4.2999999999999995e-05;0.00020199999999999998;0.000264;0.000175;0.000297;0.00023300000000000003;0.00043200000000000004;0.000185;-5.5e-05;0.00039200000000000004;0.000467;0.00018899999999999999;0.00017800000000000002;7.9e-05;4.6e-05;0.0004;0.000232;0.00020899999999999998;0.0005200000000000001;0.00036700000000000003;0.000215;0.0007;0.000329;0.00047;0.000473;0.000294;0.00049;0.000348;0.000274;0.00018600000000000002;0.00043700000000000005;0.000537;6.2e-05;0.00038799999999999994;0.000579;0.000545
28;0.000555;0.00040399999999999995;0.000321;0.000363;0.00021899999999999998;0.0005859999999999999;0.000716;0.000569;0.00034700000000000003;0.000395;0.000171;3.4000000000000007e-05;0.00037799999999999997;-0.00011800000000000001;0.00020800000000000001;0.000381;0.000175;0.000303;0.00042100000000000004;0.00043200000000000004;0.000185;-5.5e-05;0.00021700000000000002;0.000467;0.00019500000000000002;0.00017800000000000002;7.9e-05;-0.00016800000000000002;0.000394;7.200000000000002e-05;0.000215;0.00034;0.00036700000000000003;0.000221;0.0006940000000000001;0.00018800000000000002;0.00047;0.000473;0.00028800000000000006;0.00035200000000000005;0.000451;0.00028000000000000003;0.00018600000000000002;0.00043700000000000005;0.000373;0.000415;0.00038799999999999994;0.000579;0.000343
29;0.000555;0.000256;0.00032700000000000003;0.00048100000000000004;0.000413;0.0005859999999999999;0.0005620000000000001;0.000569;0.000569;0.00040100000000000004;0.000171;9.000000000000002e-06;0.00037799999999999997;4e-06;0.00020199999999999998;0.00038700000000000003;0.000175;0.00013600000000000003;0.000415;0.00043200000000000004;0.000191;0.00014199999999999998;0.00021100000000000003;0.000467;8.599999999999999e-05;4e-06;0.000183;5.2000000000000004e-05;0.000394;1.7000000000000003e-05;0.00020899999999999998;0.000163;0.00047700000000000005;8.400000000000001e-05;0.000521;0.00018800000000000002;0.00047;0.000473;0.00018800000000000002;0.00028199999999999997;0.000451;0.00038;0.00018600000000000002;0.00043700000000000005;0.000373;0.0005390000000000001;0.00038799999999999994;0.00047100000000000006;0.000343
30;0.0005610000000000001;0.000153;0.000321;0.000302;0.000413;0.0005859999999999999;0.0005620000000000001;0.000727;0.000569;0.000395;0.000171;6e-06;0.000384;0.000165;0.00020199999999999998;0.000381;0.000175;0.00013600000000000003;0.000415;0.00043200000000000004;0.000185;0.00014199999999999998;0.000111;0.000467;-0.00010400000000000001;4e-06;0.00018899999999999999;4.6e-05;0.000394;2.3e-05;0.00020899999999999998;0.000222;0.000483;0.000215;0.000403;0.000329;0.00047;0.000151;0.00018800000000000002;0.00028800000000000006;0.000451;0.00038;0.00037600000000000003;0.000238;0.000537;0.0005390000000000001;0.00038799999999999994;0.00047100000000000006;0.000446
31;0.000439;0.00040399999999999995;0.000321;0.000308;0.000413;0.0005859999999999999;0.000716;0.000727;0.000575;0.000395;0.000171;-8.400000000000001e-05;0.00037799999999999997;0.000165;3.2e-05;0.000381;-2.6000000000000002e-05;0.000297;0.000415;0.00043799999999999997;-1e-05;0.00014800000000000002;0.000292;0.000358;-1e-06;0.00017800000000000002;0.000183;4.6e-05;0.000228;0.000232;0.00020899999999999998;8.999999999999999e-05;0.00047700000000000005;0.000215;0.000403;0.000329;0.00047;0.000151;0.000162;0.000298;0.00011800000000000001;0.00038;0.00037600000000000003;0.000238;0.000543;0.000545;0.00028100000000000005;0.000579;0.000446
32;0.000439;0.00040399999999999995;0.000321;0.00048100000000000004;0.000413;0.0005859999999999999;0.000716;0.000727;0.000569;0.00028300000000000005;3.8e-05;8.199999999999999e-05;0.00037799999999999997;0.000171;3.2e-05;0.000264;-2e-05;0.000297;0.000415;0.000215;-1e-05;3.600000000000001e-05;0.00039200000000000004;0.00035200000000000005;4.8e-05;0.000184;0.000183;-0.000292;0.000234;0.000232;0.00020899999999999998;0.000292;0.00047700000000000005;0.000215;0.0007;0.000329;0.00047;0.000473;0.00028800000000000006;0.000358;9.000000000000002e-06;0.00038;0.00037600000000000003;0.00043700000000000005;0.000537;0.0005390000000000001;0.00028100000000000005;0.000579;0.000545
33;0.000555;5.5e-05;0.000321;0.000363;0.000413;0.0005859999999999999;0.000716;0.000727;0.000395;0.00028300000000000005;3.2e-05;0.00017800000000000002;0.00037799999999999997;4.2999999999999995e-05;0.00020800000000000001;0.000133;0.000175;0.000297;0.00042100000000000004;0.000215;-1e-05;3.600000000000001e-05;0.00039799999999999997;0.000255;4.8e-05;0.00017800000000000002;0.000183;4.6e-05;0.000394;0.000232;0.000215;4.4000000000000006e-05;0.00036700000000000003;0.000215;0.0006940000000000001;0.000329;0.000476;0.000473;0.000294;0.000364;0.000348;0.00038;0.00037600000000000003;0.00043700000000000005;0.000537;0.000255;0.00038799999999999994;0.000579;0.000545
34;0.000555;6.1e-05;0.000321;0.00017999999999999998;0.000413;0.0005920000000000001;0.000716;0.000371;0.00017300000000000003;0.000395;0.000171;2.7999999999999996e-05;0.00037799999999999997;4.2999999999999995e-05;0.00020199999999999998;0.000256;0.000175;8.199999999999999e-05;0.000415;0.000312;0.000191;0.00014199999999999998;0.00039200000000000004;0.000255;0.00019500000000000002;0.00017800000000000002;7.9e-05;5.2000000000000004e-05;0.00017300000000000003;2.6000000000000002e-05;0.00020899999999999998;-2.3e-05;0.00036700000000000003;3.8e-05;0.0006940000000000001;0.000329;0.00047;0.000473;0.00028800000000000006;0.00047;0.000451;0.000274;0.00037600000000000003;0.00043700000000000005;0.000537;0.000255;0.00038799999999999994;0.000447;0.000545
35;0.000555;0.00040399999999999995;0.000321;0.00048100000000000004;0.000413;0.0005859999999999999;0.000722;0.000389;0.00034700000000000003;0.00040100000000000004;0.000171;2.7999999999999996e-05;0.000384;4e-06;0.00020199999999999998;0.000381;0.000175;-0.000185;8.1e-05;0.00043200000000000004;0.000185;-5.5e-05;0.00021100000000000003;0.000467;0.00018899999999999999;0.00017800000000000002;8.5e-05;4.6e-05;0.00017300000000000003;3.2e-05;0.00020899999999999998;-2.3e-05;0.00029;-9.900000000000001e-05;0.0006940000000000001;0.000329;0.00047;0.000473;0.00028800000000000006;0.00047;0.000451;0.000274;0.00037600000000000003;0.00043700000000000005;0.000537;0.00034600000000000006;0.0002;0.000501;0.000545
36;0.000555;0.000307;0.000321;0.0004870000000000001;0.000213;0.0005859999999999999;0.000716;0.000569;0.000569;0.000395;0.000171;0.00017199999999999998;0.00037799999999999997;4e-06;0.00020199999999999998;0.000381;0.000175;-0.000232;8.1e-05;0.00043799999999999997;0.000185;-4.9000000000000005e-05;0.000111;0.000473;0.00018899999999999999;0.00017800000000000002;0.000183;-0.00016800000000000002;0.00017300000000000003;0.000232;0.00020899999999999998;0.00021700000000000002;0.00047700000000000005;0.000215;0.000594;9.900000000000001e-05;0.00047;0.000479;0.00028800000000000006;0.00041;0.000451;0.00038;0.000382;0.00033299999999999996;0.000537;0.000545;0.0002;-0.001764;0.000244
37;0.000439;0.000307;0.000321;0.000302;0.000413;0.0005859999999999999;0.000716;0.000727;0.000569;0.000395;0.000177;-0.000247;0.00037799999999999997;0.000171;0.00020199999999999998;0.000381;0.00018100000000000004;0.000297;0.000415;0.00043200000000000004;0.000185;0.00014199999999999998;0.000111;0.000459;-1e-06;0.000184;-3.3e-05;-0.00016800000000000002;0.000394;0.000232;0.00020899999999999998;-6.900000000000001e-05;0.00047700000000000005;0.000215;0.000386;9.900000000000001e-05;0.00047;0.000297;0.00028800000000000006;0.00027899999999999995;0.000451;0.00038;0.00037600000000000003;0.00033299999999999996;0.000373;0.000431;0.00038799999999999994;0.000507;0.00025
38;0.000555;0.00025;0.000321;0.000302;0.000413;0.0005859999999999999;0.000716;0.000727;0.000569;0.00028300000000000005;0.000171;-7.8e-05;0.00037799999999999997;0.000165;0.00020800000000000001;0.000381;0.000175;0.000297;0.000415;0.00043200000000000004;0.000185;0.00014199999999999998;0.00039200000000000004;0.000234;-0.00014199999999999998;0.00017800000000000002;-3.3e-05;4.6e-05;0.0004;0.000232;0.000215;4e-06;0.00047700000000000005;9.5e-05;0.00039200000000000004;0.000329;0.00047;0.000297;0.000294;0.00022500000000000002;0.000313;0.00038;0.00037600000000000003;0.000238;0.000373;0.000331;0.00028100000000000005;0.000339;0.000545
39;0.000399;0.000256;0.000321;0.00048100000000000004;0.000413;0.0005859999999999999;0.0005620000000000001;0.000622;0.000569;0.00028300000000000005;3.2e-05;0.00017199999999999998;0.00037799999999999997;0.000165;0.00014000000000000001;0.00025;0.000175;0.000303;-0.0007890000000000001;0.00043200000000000004;0.000191;3.600000000000001e-05;0.00039799999999999997;0.00035200000000000005;5.4000000000000005e-05;0.00017800000000000002;0.000183;5.2000000000000004e-05;0.000394;0.000232;0.00020899999999999998;0.00024100000000000003;0.00047700000000000005;1e-06;0.00054;0.000335;0.00047;0.000151;0.00028800000000000006;0.00016399999999999997;9.000000000000002e-06;0.00038;0.00037600000000000003;0.000244;0.000373;0.00021100000000000003;0.000287;0.000339;0.000545
40;0.000319;0.00040399999999999995;0.00032700000000000003;0.00048100000000000004;0.000413;0.0005859999999999999;0.0005620000000000001;-0.002161;0.000569;0.00040100000000000004;3.2e-05;2.7999999999999996e-05;0.000384;0.000165;0.00014000000000000001;0.00013900000000000002;-2.6000000000000002e-05;0.000297;-0.0008100000000000001;0.000215;-1e-05;3.600000000000001e-05;0.00039200000000000004;0.000467;0.00018899999999999999;4e-06;0.00018899999999999999;4.6e-05;0.000394;0.000232;0.00020899999999999998;9.2e-05;0.000483;-0.000261;0.000505;0.000329;0.00047;0.00032700000000000003;0.00028800000000000006;0.000152;0.000262;0.000274;0.00037600000000000003;0.00043700000000000005;0.000537;0.000259;0.00038799999999999994;0.000555;0.000545
41;0.00048100000000000004;0.000255;0.000321;0.000304;0.000413;0.000342;0.000716;-0.002287;0.00034700000000000003;0.000395;0.000171;2.7999999999999996e-05;0.00037799999999999997;0.000165;0.00020199999999999998;0.000264;-2.6000000000000002e-05;0.000134;-0.000778;0.000215;-1e-05;0.00014800000000000002;0.00039200000000000004;0.000473;0.00018899999999999999;4e-06;0.000183;4.6e-05;0.000394;0.00017800000000000002;0.00020899999999999998;0.00015900000000000002;0.00047700000000000005;-0.003;0.000465;0.000329;0.00047;0.000473;0.00028800000000000006;0.000337;0.000451;0.000274;0.00037600000000000003;0.00043700000000000005;0.000543;0.000319;0.00038799999999999994;0.0005589999999999999;0.000545
42;-4.6e-05;0.00040399999999999995;0.000321;0.000363;0.000149;0.000299;0.000716;0.000289;0.00035299999999999996;0.000395;0.000177;0.00017199999999999998;0.00037799999999999997;0.000171;3.2e-05;0.000381;0.00018100000000000004;-0.00021100000000000003;-0.000878;0.00043799999999999997;0.000185;0.00014199999999999998;0.00021100000000000003;0.000255;8.599999999999999e-05;1e-05;7.9e-05;4.6e-05;0.000394;0.000232;0.00020899999999999998;-0.003;0.00047700000000000005;-0.000605;-0.002392;0.000329;0.000476;0.000473;0.00028800000000000006;0.000123;0.000451;0.000386;0.00037600000000000003;0.00033299999999999996;0.000537;0.000132;0.00038799999999999994;0.000499;0.000545
43;1.8000000000000004e-05;0.00040399999999999995;0.000321;0.000363;0.000155;0.000439;0.000722;0.00023899999999999998;0.000569;0.000395;0.000111;0.00017199999999999998;0.00019800000000000002;-0.00011800000000000001;3.2e-05;0.000381;0.000175;-0.00021100000000000003;-0.001352;-0.002675;0.000185;-5.5e-05;0.00021100000000000003;0.000467;8.599999999999999e-05;0.00017800000000000002;7.9e-05;4.6e-05;0.000234;-2.9e-05;0.00020899999999999998;-0.003;0.00036700000000000003;0.000215;-0.002366;0.00024;0.00047;0.000479;0.000294;0.00011300000000000001;0.000451;0.00038;0.00018600000000000002;0.00033299999999999996;0.000537;2e-06;0.00038799999999999994;-0.003;0.000446
44;-0.001858;0.00021;-0.0021509999999999997;0.000302;-7.099999999999999e-05;0.000442;0.0005760000000000001;0.000391;0.000569;0.000395;3.1e-05;1.2e-05;0.000169;-0.00011800000000000001;0.00020800000000000001;0.00011;0.000175;-0.000436;-0.0014860000000000001;-0.0028539999999999998;0.000191;-5.5e-05;0.000298;0.000467;5.4000000000000005e-05;0.00017800000000000002;0.000183;4.6e-05;6.999999999999999e-06;0.000232;0.000215;0.000399;0.000174;0.000221;0.000612;0.000246;0.00047;0.000297;0.00028800000000000006;0.00029299999999999997;0.00045700000000000005;0.00021899999999999998;0.00018600000000000002;0.00043700000000000005;0.000373;-0.002114;0.00038799999999999994;0.000507;0.000244
45;-0.001768;0.000107;0.000221;0.000302;0.000117;0.000359;0.0006360000000000001;0.00031;0.000395;0.00028300000000000005;3.1e-05;-0.000157;-0.001423;0.000165;0.00020199999999999998;-5.9000000000000004e-05;0.000175;-0.0005470000000000001;-2e-05;0.00043200000000000004;0.000185;0.00014199999999999998;0.000292;0.00035200000000000005;-0.00014199999999999998;0.00017800000000000002;0.000183;-0.000162;0.00017300000000000003;0.000232;0.00018100000000000004;0.000399;0.00028399999999999996;3.2e-05;0.0005710000000000001;0.00018800000000000002;0.00047;4.7000000000000004e-05;0.00028800000000000006;0.000302;0.000451;0.000197;0.00018600000000000002;0.000238;0.000313;0.000191;0.0002;0.000399;0.000343
46;-0.0018780000000000001;0.00025;0.000261;0.000308;1.7000000000000003e-05;-0.0013730000000000003;0.000456;0.000479;0.000395;0.000289;0.000171;9.000000000000002e-06;2.9e-05;0.000165;0.00014199999999999998;-0.000161;0.000175;-0.000326;-5e-06;0.00043200000000000004;0.000185;0.00014199999999999998;0.00039200000000000004;0.00035200000000000005;-0.00010099999999999999;0.00017800000000000002;-2.7000000000000002e-05;4.6e-05;0.000394;0.000238;0.00018100000000000004;0.000192;0.000483;3.2e-05;-0.0017480000000000002;0.00018800000000000002;0.00047;-6.3e-05;0.00028800000000000006;0.000242;0.00011800000000000001;9.6e-05;0.00037600000000000003;0.00013800000000000002;0.000253;0.000167;0.0002;0.000411;0.0005510000000000001
47;1.8000000000000004e-05;0.00025;0.00026700000000000004;0.00048100000000000004;4.0999999999999994e-05;-0.001433;0.000292;-0.0025150000000000003;0.000575;0.000355;0.000171;2.7999999999999996e-05;4.9000000000000005e-05;0.000171;0.000182;-0.00019600000000000002;-2e-05;-0.000441;-6.500000000000001e-05;2.2000000000000003e-05;-1e-05;0.00014800000000000002;0.00039200000000000004;0.000473;0.000119;0.00017800000000000002;-3.3e-05;4.6e-05;0.000294;0.000232;0.00015900000000000002;-0.002002;0.00047700000000000005;8.400000000000001e-05;0.000601;0.000329;0.00047;0.000153;0.00028800000000000006;0.000242;0.00011800000000000001;0.000116;0.00037600000000000003;0.000365;0.000303;0.000185;0.00038799999999999994;0.000507;0.000545
48;0.00019899999999999999;0.000255;0.000261;0.00017999999999999998;0.000413;-0.001659;0.000223;-0.0024790000000000003;0.000569;0.00012;0.000177;2.7999999999999996e-05;4.9000000000000005e-05;0.000165;0.000182;-0.003;-7.099999999999999e-05;-0.00031;-0.00017999999999999998;-0.000354;-1e-05;3.600000000000001e-05;0.00039200000000000004;0.000446;8.400000000000001e-05;0.000184;0.000183;4.6e-05;0.00020300000000000003;0.000232;9.900000000000001e-05;-0.002083;0.00047700000000000005;8.400000000000001e-05;0.0005920000000000001;0.000329;0.000476;5.3e-05;0.000294;0.000302;0.000451;0.000275;0.00037600000000000003;0.000443;0.000237;0.000287;0.00038799999999999994;0.000459;0.000545
49;0.00015900000000000002;0.000255;0.000261;0.00017999999999999998;0.000413;-0.00010099999999999999;0.000143;0.00020300000000000003;0.00046600000000000005;0.00022;0.000171;0.00017800000000000002;6.900000000000001e-05;0.000165;-0.000152;-0.002141;5.5e-05;-0.0022930000000000003;2.6000000000000002e-05;-0.000428;0.000185;3.600000000000001e-05;0.00039799999999999997;0.000234;-0.000165;4e-06;7.9e-05;4.6e-05;0.000245;0.000232;0.000105;-0.000244;0.00036700000000000003;0.000215;-0.0028220000000000003;0.000246;0.000435;0.000127;0.00028800000000000006;0.000308;0.00045700000000000005;0.000153;0.00037600000000000003;0.000377;0.000227;0.000183;0.00038799999999999994;0.000501;0.000545
50;0.000119;0.000313;0.000261;0.00048100000000000004;0.000413;0.00028100000000000005;0.0005620000000000001;-0.002449;0.000497;0.00022;0.000171;0.00017199999999999998;0.000169;0.000165;-2.7999999999999996e-05;-5e-06;-6.500000000000001e-05;-0.0024340000000000004;-0.000212;0.00043200000000000004;0.000191;0.00014199999999999998;0.00021100000000000003;0.000255;-0.000131;4e-06;7.9e-05;5.2000000000000004e-05;-0.000116;2.6000000000000002e-05;-9.000000000000002e-06;-0.00014400000000000003;0.00036700000000000003;0.000221;-0.002715;0.000329;0.000415;0.000143;0.00028800000000000006;8.5e-05;0.000342;0.00012;0.000382;0.000377;0.000167;6.2e-05;0.00038799999999999994;0.000435;0.000545
51;-5.7e-05;0.000307;0.000261;0.0004870000000000001;0.000413;0.000169;0.000716;-0.002437;-0.00166;0.000286;3.2e-05;6e-06;-0.000245;0.000165;0.00014199999999999998;-0.00017800000000000002;-5e-06;-0.0006770000000000001;-0.00040399999999999995;0.00043200000000000004;0.000185;-5.5e-05;0.00021100000000000003;0.000467;-0.000311;7.8e-05;0.00018899999999999999;4.6e-05;6.999999999999999e-06;0.000238;-5.9000000000000004e-05;0.00044799999999999994;0.000483;0.000215;-0.003;0.000329;0.00046100000000000004;8.800000000000001e-05;0.00028800000000000006;2.5e-05;0.000451;-6e-05;0.00037600000000000003;7.7e-05;0.000167;0.000259;0.00038799999999999994;0.000359;0.00045200000000000004
52;-0.000259;0.000204;0.000261;0.00048100000000000004;0.000213;0.000274;0.000716;0.000541;-0.0018759999999999998;0.000205;3.2e-05;6e-06;-0.00028199999999999997;4.9000000000000005e-05;0.00014199999999999998;-0.000429;-4.4999999999999996e-05;-0.0005560000000000001;-8.199999999999999e-05;0.00043799999999999997;0.000185;-4.9000000000000005e-05;0.00039200000000000004;0.000473;-0.00066;2.3e-05;0.000183;-0.000446;0.00017300000000000003;0.000232;-5.9000000000000004e-05;0.00044799999999999994;0.000252;3.2e-05;-0.0023239999999999997;0.000317;0.00046100000000000004;-7.7e-05;0.00028800000000000006;0.000169;0.000451;-2e-05;0.00018600000000000002;-0.00017800000000000002;0.000213;0.00026500000000000004;0.00038799999999999994;0.000419;0.000244
53;-0.0005510000000000001;0.000204;0.000261;0.000302;0.000413;0.000259;0.000722;0.000727;0.000275;9.6e-05;0.000177;0.00017199999999999998;-0.00028199999999999997;4.2999999999999995e-05;4.2000000000000004e-05;-0.000302;1e-06;-0.0018700000000000001;-0.001946;0.00043200000000000004;0.000185;0.00014199999999999998;0.000292;0.000467;-0.000675;2.9e-05;-3.3e-05;-0.000546;0.0004;0.000232;-8e-05;0.000454;0.000465;3.2e-05;-0.002276;0.000317;-0.0018330000000000002;1.3000000000000001e-05;0.00028800000000000006;0.00019399999999999997;0.000451;-0.0023209999999999997;0.00018600000000000002;-0.00017199999999999998;4.2999999999999995e-05;0.000527;9.900000000000001e-05;0.000527;0.000343
54;-0.00013900000000000002;0.00025;0.00026700000000000004;0.000302;0.000413;0.000259;0.000716;0.000733;0.00027699999999999996;-0.001872;0.000171;1.5e-05;0.000218;0.000165;2.7999999999999996e-05;-0.002039;-0.00019600000000000002;-0.00033200000000000005;9.900000000000001e-05;9.5e-05;0.000185;0.00014199999999999998;0.000298;0.000331;-0.00010099999999999999;0.00017800000000000002;-3.3e-05;4.6e-05;0.000394;0.000232;-5.5e-05;0.00027100000000000003;0.00034100000000000005;3.2e-05;0.00087;0.000317;-0.0028450000000000003;3.9e-05;0.000294;0.0002;0.000255;-0.0023209999999999997;0.00037600000000000003;-0.0012109999999999998;0.00010300000000000001;0.000527;9.300000000000001e-05;0.000455;0.000343
55;1.7000000000000003e-05;0.000256;0.000261;0.00048100000000000004;0.000413;0.000183;0.000716;0.000543;0.000394;-0.0017;0.000171;9.000000000000002e-06;0.00020600000000000002;0.000165;2e-06;-8e-06;-0.00013600000000000003;-0.00034;9.300000000000001e-05;9.5e-05;-4e-06;0.00014199999999999998;0.00039200000000000004;-0.000628;-9.5e-05;0.000106;7.9e-05;5.2000000000000004e-05;0.000394;0.000232;-1.1000000000000001e-05;0.00027100000000000003;0.00034100000000000005;0.000221;-0.002025;0.000182;-0.000435;9.300000000000001e-05;0.00028800000000000006;0.000314;0.00014000000000000001;5.5e-05;0.00037600000000000003;-0.0012109999999999998;0.00032700000000000003;0.0005390000000000001;0.0002;-0.003;0.000545
56;1.7000000000000003e-05;0.00040399999999999995;0.000261;0.00048100000000000004;0.000419;0.000238;0.000716;-0.001966;0.000497;0.000289;0.000171;-6.2e-05;-0.001771;4e-06;-0.0021360000000000003;-3.7000000000000005e-05;0.000175;-6.500000000000001e-05;0.000193;0.00043200000000000004;-1e-05;0.00014199999999999998;0.00021100000000000003;0.000446;1.9e-05;-0.0018769999999999998;8.5e-05;4.6e-05;0.000245;0.000232;6.900000000000001e-05;-3e-05;0.000237;0.00020199999999999998;-0.002198;0.00017600000000000002;-0.000447;9.300000000000001e-05;0.00028800000000000006;0.000314;0.00014000000000000001;6.800000000000001e-05;0.00037600000000000003;-0.0012109999999999998;0.00041700000000000005;0.0005390000000000001;0.00038799999999999994;-0.003;0.0005510000000000001
57;0.000163;0.00040399999999999995;0.000261;0.000304;-0.001807;1.8000000000000004e-05;0.000716;-0.0020659999999999997;0.000497;-0.002346;0.000171;-6.2e-05;-0.001777;4e-06;-0.002016;2.3e-05;0.000175;-0.000242;4.0999999999999994e-05;0.00043799999999999997;0.000185;4.2000000000000004e-05;0.00021100000000000003;0.00045200000000000004;4e-05;-0.0018769999999999998;0.000183;4.6e-05;-0.00014199999999999998;0.000238;-0.00027;0.000147;0.000231;0.00020199999999999998;-0.0014269999999999999;0.000228;-0.002513;0.000133;0.00028800000000000006;0.0001;0.00043799999999999997;7.400000000000001e-05;0.00037600000000000003;0.000137;0.000483;0.000545;0.00038799999999999994;0.000467;0.000545
58;4.0999999999999994e-05;0.000158;0.000221;0.00048100000000000004;-0.001821;-0.003;0.000722;0.0004270000000000001;0.000329;0.00014800000000000002;3.8e-05;6e-06;-0.001352;0.000171;-0.00018800000000000002;-5e-06;5.4000000000000005e-05;-6.500000000000001e-05;9.300000000000001e-05;0.00043200000000000004;0.000185;-0.000161;0.00039200000000000004;0.000467;-4.0999999999999994e-05;-0.00011199999999999998;0.000183;4.6e-05;-0.00014199999999999998;0.000232;6.900000000000001e-05;0.000454;0.00035299999999999996;0.00020199999999999998;-0.001372;0.000329;-0.000441;-0.002063;0.00028800000000000006;0.0001;0.00043799999999999997;6.800000000000001e-05;0.00037600000000000003;0.000339;0.00024100000000000003;0.000379;0.00038799999999999994;0.000467;0.000545
59;-0.000115;0.000255;0.00018100000000000004;0.000363;-0.001821;-0.003;0.000716;0.000447;0.00010099999999999999;0.000223;1.2e-05;1.2e-05;-0.00213;0.000165;-0.000182;4.6e-05;-1.2e-05;-0.000125;-0.003;0.00043200000000000004;0.000185;-5.5e-05;0.00039200000000000004;0.000467;-4.0999999999999994e-05;-0.00011800000000000001;0.000183;4.6e-05;3e-05;0.000232;6.900000000000001e-05;0.00044799999999999994;-0.002739;0.00018899999999999999;-0.001357;0.000329;-0.000447;-0.000123;0.000294;0.00020300000000000003;0.000384;6.800000000000001e-05;0.00037600000000000003;8e-06;0.000291;6.2e-05;0.00037600000000000003;0.000359;0.000545
60;1e-06;0.00021;0.00032700000000000003;0.00035299999999999996;1.2e-05;-0.003;0.000716;0.000441;9.800000000000001e-05;0.000111;0.000171;0.00017199999999999998;-0.00213;0.000165;2e-06;-0.001262;0.000175;-0.00022;-0.003;0.00043200000000000004;0.000191;0.00014199999999999998;0.000298;0.00019500000000000002;-9.000000000000002e-06;0.000106;8.300000000000001e-05;4.6e-05;0.000257;0.000232;0.000111;0.0005200000000000001;-0.002545;0.000221;-0.0012450000000000002;3.5000000000000004e-05;0.0004870000000000001;4.7000000000000004e-05;0.00028800000000000006;0.00035200000000000005;0.00028199999999999997;-3.8e-05;0.00018600000000000002;9.900000000000001e-05;0.000127;0.00021;0.00038799999999999994;0.000359;0.000446
61;1e-06;0.000204;0.000321;0.00047100000000000006;0.00026700000000000004;-0.003;0.000716;-0.001524;0.00043700000000000005;4.4999999999999996e-05;0.000171;0.00017199999999999998;-0.002124;4.2999999999999995e-05;1e-05;-7.9e-05;0.000175;-0.000635;-0.002927;0.000215;-1e-05;0.00014199999999999998;0.000292;0.00019500000000000002;-1.5e-05;0.000106;7.9e-05;5.2000000000000004e-05;0.000257;0.000232;0.000114;0.000343;0.000248;0.000215;-0.0012309999999999999;0.000317;-0.001496;0.000193;0.00028800000000000006;0.000484;-0.00017800000000000002;-3.8e-05;0.00018600000000000002;0.000298;0.000127;0.000527;0.00028100000000000005;0.000455;0.000446
62;0.000163;0.00025;0.000321;0.000285;0.00026700000000000004;-0.003;0.0005620000000000001;-0.001524;0.00043700000000000005;-0.002024;0.000171;0.00017199999999999998;-0.00219;4.2999999999999995e-05;-5e-05;4.6e-05;0.000175;-0.000128;0.000151;0.000221;-1e-05;0.00014800000000000002;0.00039200000000000004;0.000413;0.000175;0.000106;-0.000131;4.6e-05;0.000257;0.000238;0.000114;0.000343;-0.002655;3.2e-05;-0.0012309999999999999;0.000317;-0.001496;0.000117;0.00028800000000000006;0.000484;-6.900000000000001e-05;6.800000000000001e-05;0.00037600000000000003;0.000298;0.000351;0.000527;0.00028100000000000005;0.000395;0.0005510000000000001
63;-0.002057;0.00025;0.000321;0.00027899999999999995;0.000413;-0.003;0.0005620000000000001;-0.001694;-5.2000000000000004e-05;-0.001732;0.000177;0.00017199999999999998;-0.00213;0.000171;-0.000204;0.000381;0.00018100000000000004;-0.000162;0.000151;0.000215;-1e-05;0.00014199999999999998;0.00039200000000000004;0.000407;-0.002276;0.00011199999999999998;-3.3e-05;4.6e-05;9.1e-05;0.000232;0.000114;0.00034600000000000006;-0.002545;-9.900000000000001e-05;0.0010429999999999999;0.000116;0.000505;0.000157;0.00028800000000000006;0.00027;0.000135;0.00038;0.00037600000000000003;0.00019399999999999997;0.00035700000000000006;0.0005329999999999999;0.0002;0.000407;0.000343
64;0.00021700000000000002;0.00040399999999999995;0.000321;0.00045799999999999997;0.000413;-0.003;0.000722;0.000727;0.000494;0.00025100000000000003;0.000171;0.00017800000000000002;-0.00207;4e-06;-0.000218;0.000381;0.000175;5.9000000000000004e-05;0.000106;0.00043200000000000004;0.000185;0.00014199999999999998;0.00039200000000000004;0.000407;8.599999999999999e-05;0.000106;0.000183;-0.00016800000000000002;9.699999999999999e-05;2.6000000000000002e-05;0.000114;0.00034;0.00035299999999999996;-0.001639;0.0007700000000000001;2.7000000000000002e-05;0.000499;-1.3000000000000001e-05;0.000294;0.00027600000000000004;0.000324;0.00038;0.00037600000000000003;-0.002032;-0.002214;0.0005390000000000001;0.0002;0.000413;0.000343
65;0.00010099999999999999;0.00041;0.000321;0.000363;0.000413;-0.003;0.000716;0.000633;0.000494;0.00025100000000000003;3.2e-05;0.00017199999999999998;0.000306;4e-06;-0.000484;0.000264;0.000175;6.500000000000001e-05;0.00011199999999999998;0.00043200000000000004;0.000191;0.00014199999999999998;0.000368;-0.0027760000000000003;0.00019500000000000002;-7.099999999999999e-05;0.000183;4.6e-05;1e-06;0.000232;0.00012;0.0005200000000000001;0.00035299999999999996;0.00018899999999999999;0.000764;0.000174;0.000499;0.000151;0.00028800000000000006;0.00027;0.00033;0.00038;0.000382;0.000298;-0.002154;0.0005020000000000001;0.00038799999999999994;0.000407;0.000545
66;0.00010099999999999999;0.000255;0.000321;0.000363;0.00026700000000000004;-0.003;0.000716;0.000365;0.000494;8e-05;3.2e-05;0.000155;0.000312;0.000165;-0.000582;0.00027;0.000175;-0.000205;0.00028800000000000006;0.00043200000000000004;0.000185;-5.5e-05;0.00036200000000000007;-0.0027760000000000003;4.8e-05;0.000106;0.000183;5.2000000000000004e-05;1e-06;0.000232;0.000114;0.0005200000000000001;0.00028300000000000005;0.00019500000000000002;0.001055;0.000329;0.000499;0.000151;0.00028800000000000006;0.000484;0.000324;0.00038;0.00018600000000000002;0.000311;0.0004930000000000001;0.0005020000000000001;0.000394;0.000339;0.000545
67;0.000223;0.000307;0.00032700000000000003;0.000304;0.00028100000000000005;-0.003;0.000716;0.00046899999999999996;-4.9000000000000005e-05;-0.0021760000000000004;0.000171;-8e-06;0.000306;0.000165;-0.0004;0.000381;0.000175;-0.000205;0.00028800000000000006;0.00043200000000000004;0.000185;-0.000161;0.000111;0.000518;4.8e-05;0.000106;0.00018899999999999999;4.6e-05;0.000222;0.000238;4.7000000000000004e-05;0.0005200000000000001;0.000483;0.00017199999999999998;0.001055;0.000329;0.000499;0.000473;0.00028800000000000006;0.000484;0.00017999999999999998;0.00038;-0.000162;0.00011199999999999998;0.0004930000000000001;0.00030900000000000003;0.00037600000000000003;0.00032700000000000003;0.00045200000000000004
68;6.1e-05;0.000107;0.000321;0.000335;-0.002061;-0.003;0.000716;0.000727;-4.2999999999999995e-05;-0.0021760000000000004;0.000177;-0.00031800000000000003;-0.00018899999999999999;4.9000000000000005e-05;-0.00033;0.00025;0.00018100000000000004;1.6e-05;0.00028800000000000006;0.00043799999999999997;-1e-05;4.2000000000000004e-05;-3.7000000000000005e-05;0.00039700000000000005;0.00018899999999999999;-0.0005570000000000001;0.000183;4.6e-05;0.000222;0.000232;4.7000000000000004e-05;0.0005200000000000001;0.00047700000000000005;0.000215;0.001055;0.000317;0.000499;0.000473;0.00028800000000000006;0.000484;7.099999999999999e-05;0.00038;0.00037600000000000003;0.00011199999999999998;0.0004870000000000001;0.000348;0.00037600000000000003;-0.003;0.000446
69;6.1e-05;0.000204;0.000321;0.000156;-0.001981;-0.003;0.000722;0.000541;0.00034700000000000003;-0.0021760000000000004;0.000163;-0.000149;0.00037799999999999997;-6.800000000000001e-05;-0.000317;0.00025;-2.6000000000000002e-05;1.6e-05;0.00027800000000000004;0.00043200000000000004;-1e-05;0.00014199999999999998;0.000244;0.000185;-0.00010400000000000001;4e-06;-0.000137;4.6e-05;0.000228;0.00011199999999999998;4.7000000000000004e-05;0.000255;0.00036700000000000003;0.000215;0.001055;0.00018800000000000002;0.000425;0.000473;0.000294;0.00049;0.000215;0.000274;0.00037600000000000003;0.000339;0.0006450000000000001;0.000218;0.00037600000000000003;-0.003;0.000545
70;0.000555;0.00041;0.000321;-0.0012250000000000002;0.000155;-0.002191;0.000716;0.0005470000000000001;0.00036200000000000007;-0.0021760000000000004;-0.000601;-0.000213;0.00037799999999999997;0.000165;-0.000311;0.000161;-2.6000000000000002e-05;0.000153;0.000122;9.5e-05;0.000185;0.00014199999999999998;0.00025;0.000512;-1e-06;4e-06;-0.000137;4.6e-05;-0.0019509999999999998;1.2e-05;5.3e-05;-4.9000000000000005e-05;0.00036700000000000003;8.400000000000001e-05;0.0009429999999999999;0.00019399999999999997;0.00017999999999999998;0.000479;0.00028800000000000006;0.000484;0.00033;0.000274;0.000342;0.00033299999999999996;0.0006450000000000001;0.00037799999999999997;0.00018800000000000002;-0.001992;0.000545
71;0.000555;0.00040399999999999995;0.000321;-0.001023;0.000155;0.000593;0.0005620000000000001;0.000541;0.00036200000000000007;-0.0021760000000000004;-0.000601;-4.7000000000000004e-05;0.000355;4e-06;-0.00017600000000000002;0.000167;0.000175;8.199999999999999e-05;0.00029299999999999997;9.5e-05;0.000191;0.00014199999999999998;0.000244;-0.0027760000000000003;0.00019500000000000002;0.00017800000000000002;5.2000000000000004e-05;-0.000162;-0.0019509999999999998;-4.8e-05;4.7000000000000004e-05;-0.0022010000000000003;0.00034;0.000221;0.000764;0.000329;0.00016800000000000002;0.000297;0.00028800000000000006;0.00013800000000000002;0.000135;0.000386;0.000342;0.00043700000000000005;-0.002106;0.0005020000000000001;0.00018800000000000002;-0.001992;0.000545
72;0.000555;0.00040399999999999995;0.000321;-0.000913;0.000287;0.000593;0.000423;0.000569;-0.001156;-0.00217;-0.000601;0.00017199999999999998;0.00034899999999999997;-0.00017600000000000002;-0.00017600000000000002;0.000238;0.000175;7.6e-05;0.00019800000000000002;0.000215;0.000185;0.00014199999999999998;0.00014400000000000003;-0.0027760000000000003;0.00018899999999999999;0.00017800000000000002;5.8e-05;4.6e-05;-0.002363;-0.00035299999999999996;8.199999999999999e-05;0.00034;-0.00136;3.2e-05;0.000882;0.000329;0.000319;0.000297;0.00028800000000000006;0.00013800000000000002;0.000135;0.00038;0.00028199999999999997;0.00043700000000000005;-0.002242;0.0005390000000000001;0.00028100000000000005;-0.001992;0.00034899999999999997
73;0.0005610000000000001;0.000255;0.00032700000000000003;-0.000907;0.000413;0.000593;0.0005639999999999999;0.000399;-0.003;0.00032299999999999994;0.000171;0.00017199999999999998;0.00034899999999999997;-3.7000000000000005e-05;-0.000286;0.000121;0.00018100000000000004;0.00013600000000000003;-0.0018180000000000002;0.00043799999999999997;0.000185;0.00014800000000000002;0.00014400000000000003;0.000518;4.8e-05;0.000184;5.2000000000000004e-05;4.6e-05;-0.00019;-0.00028300000000000005;-0.003;0.0005200000000000001;0.00034;3.2e-05;0.001055;0.000329;-0.0025789999999999997;0.000297;0.00028800000000000006;0.000484;0.000324;0.00038;9.2e-05;0.000238;0.000625;0.000508;0.000394;-0.001992;0.000244
74;0.000399;0.000255;0.000321;-0.001214;0.000413;0.000593;-0.001709;0.0005570000000000001;-0.0027910000000000005;0.00032299999999999994;3.8e-05;0.00017800000000000002;0.00037799999999999997;-4.2999999999999995e-05;-0.000286;0.000121;0.000175;0.00013600000000000003;0.00039000000000000005;0.00043200000000000004;0.000185;-5.5e-05;-0.002161;0.000499;4.8e-05;0.00017800000000000002;5.2000000000000004e-05;4.6e-05;0.000257;-8.800000000000001e-05;-0.003;0.000526;0.00034;0.000215;0.001055;0.000329;-0.0018780000000000001;0.000473;0.000294;0.000484;0.000215;0.00038;9.2e-05;0.000244;0.000619;0.0005020000000000001;0.00038799999999999994;0.000507;0.000446
75;0.000399;0.000107;0.000321;-0.001041;0.000213;0.000361;-0.0017549999999999998;0.000733;0.00034;0.00038;3.2e-05;9.000000000000002e-06;0.00037799999999999997;-4.2999999999999995e-05;-5e-05;0.000238;0.000175;0.000297;0.00039600000000000003;0.00043200000000000004;-1e-05;-5.5e-05;6.900000000000001e-05;0.000394;0.00018899999999999999;0.00017800000000000002;5.2000000000000004e-05;4.6e-05;0.000263;3.8e-05;-0.001239;0.0005200000000000001;0.00023;0.000215;0.0010609999999999999;0.000329;0.000526;0.000479;0.00028800000000000006;0.00049;0.000221;0.000274;0.00028199999999999997;0.000238;0.000783;7.3e-05;0.00038799999999999994;0.000399;0.000545
76;0.000399;0.00011300000000000001;0.000321;0.0015530000000000001;0.000213;0.000361;0.000716;0.000541;0.000736;0.00038;0.000171;-0.000157;0.00037799999999999997;-0.000131;-5.599999999999999e-05;0.00038700000000000003;-2.6000000000000002e-05;0.000303;0.000218;0.00043200000000000004;-4e-06;0.00014199999999999998;0.00023300000000000003;0.00027899999999999995;5e-06;4e-06;-0.00016399999999999997;5.2000000000000004e-05;0.000257;3.8e-05;8.800000000000001e-05;0.0005200000000000001;3.7000000000000005e-05;0.000221;0.0009370000000000001;0.00019399999999999997;0.000526;0.000473;0.00028800000000000006;0.000106;0.000324;0.00038;0.000342;0.00033299999999999996;0.000783;7.3e-05;0.000218;0.000222;0.000545
77;0.000555;0.00025;0.000321;0.001453;0.000413;0.000593;0.000716;0.000541;0.000736;0.000249;0.000171;-8.400000000000001e-05;0.000384;-7.099999999999999e-05;-5.599999999999999e-05;0.00028100000000000005;-2.6000000000000002e-05;0.000297;0.000218;0.000215;0.000185;0.00014199999999999998;0.00023300000000000003;6.7e-05;-1e-06;4e-06;-4.6e-05;4.6e-05;0.000257;3.8e-05;8.199999999999999e-05;0.000222;-0.002539;0.000215;0.0009370000000000001;0.00018800000000000002;0.000407;0.000473;0.00028800000000000006;-0.003;0.000324;0.00038;0.00033600000000000004;0.00033299999999999996;0.000783;-0.0005200000000000001;9.699999999999999e-05;0.000507;0.0005510000000000001
78;0.0005610000000000001;0.00025;0.000321;0.0013930000000000001;0.000413;0.000593;0.000716;0.000727;0.000721;0.00038;0.000171;0.00017199999999999998;0.00037799999999999997;-0.000187;0.00020199999999999998;0.00028100000000000005;0.000175;7.6e-05;0.000415;0.000221;0.000185;0.00014800000000000002;0.000133;0.0004;0.00018899999999999999;0.00017800000000000002;0.00018899999999999999;-0.00016800000000000002;0.000257;0.00010400000000000001;8.199999999999999e-05;0.000222;0.00047700000000000005;0.000215;0.000882;0.000329;-0.001697;0.000473;0.00028800000000000006;-0.003;0.000324;0.00038;0.000342;0.00043700000000000005;0.000783;-0.003;-9.1e-05;0.000513;0.000545
79;0.000555;0.00040399999999999995;0.000321;5.7e-05;0.000413;0.000593;0.000722;0.000727;0.000727;0.00038;0.000177;2.7999999999999996e-05;0.00037799999999999997;-0.000354;0.00020199999999999998;0.00015;0.00018100000000000004;7.6e-05;0.0004;0.000215;0.000185;0.00014199999999999998;0.000133;-0.002894;0.00018899999999999999;0.000184;0.000183;-0.00016800000000000002;5.599999999999999e-05;-0.00010800000000000001;8.199999999999999e-05;0.00034600000000000006;0.00047700000000000005;8.400000000000001e-05;0.000882;0.00024;0.000363;0.000297;0.00028800000000000006;-0.003;0.000135;0.00038;-0.00118;0.000443;0.0007890000000000001;-0.003;-8.5e-05;0.000507;0.000545
80;0.000555;0.00040399999999999995;0.00032700000000000003;-0.002152;0.000287;0.000599;0.000716;0.000733;0.000499;0.000395;0.000171;3.4000000000000007e-05;0.00037799999999999997;-0.000204;0.00020800000000000001;3.3e-05;0.000175;0.000297;0.0004;0.00043200000000000004;0.000185;0.00014199999999999998;0.00023300000000000003;-0.0028810000000000003;0.00018899999999999999;0.00017800000000000002;0.000183;4.6e-05;-0.000292;-0.000235;-0.003;0.00034;0.00047700000000000005;-9.900000000000001e-05;0.000888;0.00024;0.000425;0.000303;0.000294;-0.0006920000000000001;-0.00042200000000000007;0.000274;-0.0011740000000000001;0.00043700000000000005;0.000783;-0.003;9.699999999999999e-05;1.2e-05;0.000446
81;0.000439;0.000261;0.000321;0.001106;0.000287;0.000593;0.000716;0.0005570000000000001;0.000382;0.000262;0.000171;0.00017199999999999998;0.00037799999999999997;-4.2999999999999995e-05;0.00020199999999999998;0.00011;0.000175;0.000297;0.00040600000000000006;0.00043200000000000004;0.000191;0.00014199999999999998;5.8e-05;0.000407;0.00019500000000000002;0.00017800000000000002;0.000183;4.6e-05;-0.000132;-7.5e-05;8.800000000000001e-05;0.0005200000000000001;0.000366;3.2e-05;0.001055;0.000335;0.0005440000000000001;0.000473;0.00028800000000000006;0.000484;-0.003;0.00028000000000000003;0.000538;0.000238;-0.00138;-0.002891;9.699999999999999e-05;0.000579;-0.0018330000000000002
82;0.000439;0.000255;0.000321;0.0015480000000000001;0.000307;0.000593;0.0005620000000000001;0.0005570000000000001;0.000517;0.000234;0.000171;0.00017199999999999998;0.000384;-4.2999999999999995e-05;0.00020199999999999998;8.300000000000001e-05;-2.6000000000000002e-05;0.000303;0.0004;0.000312;0.000185;-5.5e-05;-0.002627;-0.002821;-1e-06;0.00017800000000000002;0.000183;5.2000000000000004e-05;8e-05;-7.5e-05;8.199999999999999e-05;0.0005200000000000001;0.00037200000000000004;0.000221;0.000925;0.000329;0.0005440000000000001;0.000473;0.00028800000000000006;0.000484;-0.002969;0.00038;0.000538;0.000134;-0.00138;-0.002885;-0.001676;0.000579;-0.003
83;0.00040500000000000003;0.000307;0.000321;0.0013650000000000001;0.000413;0.000593;0.0005620000000000001;0.000727;0.000517;0.000128;0.000171;9.000000000000002e-06;0.00037799999999999997;-4.2999999999999995e-05;0.00020199999999999998;0.00028100000000000005;-2.6000000000000002e-05;0.000297;2.3e-05;0.00031800000000000003;-1e-05;-4.9000000000000005e-05;0.000131;-0.00271;-1e-06;0.00017800000000000002;-0.000131;4.6e-05;0.00021700000000000002;0.000238;8.199999999999999e-05;0.0005200000000000001;0.000476;0.000215;0.000865;0.000329;0.0005440000000000001;0.00021100000000000003;0.00028800000000000006;0.000484;-0.003;0.00038;0.000538;0.00033299999999999996;0.001371;-0.002885;-0.003;0.000579;-0.003
84;0.000399;0.000107;0.000321;-0.000301;0.000213;0.000361;0.0005639999999999999;0.000541;0.000538;8.800000000000001e-05;0.000177;9.000000000000002e-06;0.00037799999999999997;-3.7000000000000005e-05;3.2e-05;0.000381;-2e-05;0.000297;-0.00013900000000000002;0.00043200000000000004;-1e-05;3.600000000000001e-05;0.000131;0.00035999999999999997;-1e-06;1e-05;-0.000255;4.6e-05;0.00021700000000000002;-6.2e-05;8.199999999999999e-05;0.000343;-0.002739;0.000215;0.0010429999999999999;0.00018800000000000002;0.000499;0.00021100000000000003;0.00028800000000000006;0.00049;-0.003;0.00038;0.000348;0.00043700000000000005;0.001389;-0.003;-0.003;0.000579;-0.003
85;0.000555;0.000204;0.000321;0.000238;0.000413;0.000361;0.00057;0.000541;0.000449;8.800000000000001e-05;3.2e-05;-5.599999999999999e-05;0.00037799999999999997;-0.000183;3.8e-05;0.000381;0.000175;0.000297;5.8e-05;0.000215;0.000185;3.600000000000001e-05;0.000231;-0.003;8.599999999999999e-05;4e-06;-0.000151;4.6e-05;-8e-05;-6.2e-05;8.199999999999999e-05;0.00034899999999999997;0.00035200000000000005;8.400000000000001e-05;0.001055;9.900000000000001e-05;0.000565;0.000187;0.000294;0.000484;-0.003;0.00038;0.000395;0.000443;-0.001589;-0.003;-0.003;0.000585;-0.003
86;0.000555;0.00041;0.000321;-0.0021200000000000004;0.000413;0.000599;0.0005639999999999999;0.000733;-6.6e-05;8.800000000000001e-05;3.2e-05;-0.000228;0.00037799999999999997;-0.00034399999999999996;0.00020199999999999998;0.000116;0.000175;0.00013600000000000003;0.00021600000000000002;0.000215;0.000191;0.00014199999999999998;0.000237;-0.0028510000000000007;-5.5e-05;0.00017800000000000002;6.500000000000001e-05;4.6e-05;-8.599999999999999e-05;-6.2e-05;8.800000000000001e-05;0.00021899999999999998;0.00035200000000000005;8.400000000000001e-05;0.000828;0.000246;0.0005710000000000001;0.00014800000000000002;0.00028800000000000006;0.000484;-0.003;0.00038;-0.0014869999999999998;0.00043700000000000005;-0.003;-0.003;-0.003;0.000579;-0.003
87;0.000555;0.00040399999999999995;0.00032700000000000003;-0.0022040000000000002;0.000413;0.000593;0.000577;0.000569;0.00039200000000000004;-1.8000000000000004e-05;0.000171;6e-06;0.000384;-0.00046600000000000005;0.00020199999999999998;0.000122;0.000175;0.00013600000000000003;-0.0019480000000000003;0.00043200000000000004;0.000185;0.00014199999999999998;0.000231;0.0005520000000000001;5.4000000000000005e-05;0.00017800000000000002;6.500000000000001e-05;-0.000162;-0.000106;-0.000355;7.3e-05;0.00034;0.000358;0.000221;-0.002153;0.000329;0.0005710000000000001;0.00014800000000000002;0.00028800000000000006;0.000484;-0.003;0.00038;0.0005760000000000001;0.00043700000000000005;0.001452;-0.003;-0.003;0.000579;-0.003
88;0.00044500000000000003;0.00040399999999999995;0.000321;-0.0022040000000000002;0.000413;0.000593;0.000423;0.000569;0.00045200000000000004;-2.4e-05;0.000171;0.00017199999999999998;0.00037799999999999997;-0.000183;0.00020199999999999998;0.000331;0.000175;0.000297;0.00010800000000000001;0.00043200000000000004;0.000185;0.00014800000000000002;0.00016600000000000002;0.0005520000000000001;0.00018899999999999999;0.00017800000000000002;7.099999999999999e-05;4.6e-05;-0.000106;-0.00034100000000000005;0.00020899999999999998;0.0005200000000000001;0.000227;3.2e-05;0.0009370000000000001;0.000329;-0.0014950000000000002;0.000324;0.00028800000000000006;0.000484;-0.003;0.000386;0.00057;0.00033299999999999996;0.0015119999999999999;-0.0028789999999999996;-0.003;0.000579;-0.003
89;0.000439;0.00010099999999999999;0.000321;-0.002259;0.000413;0.000593;0.000423;0.0005570000000000001;-0.003;-2.4e-05;0.000171;0.00017199999999999998;0.00037799999999999997;-5e-05;0.00020199999999999998;0.000331;0.00018100000000000004;7.6e-05;0.000266;0.00043799999999999997;0.000185;0.00014199999999999998;-2e-06;0.000578;0.00018899999999999999;0.000184;0.000171;4.6e-05;0.000115;-0.00014099999999999998;0.00020899999999999998;0.0005200000000000001;8.599999999999999e-05;3.2e-05;0.0009370000000000001;0.000329;0.0005710000000000001;0.000324;0.00028800000000000006;0.000484;-0.003;0.000274;-0.00196;0.00033299999999999996;0.0013430000000000002;-0.0028789999999999996;-0.003;0.00047100000000000006;-0.0017430000000000002
90;0.000399;0.00025;0.000321;-0.0024419999999999997;0.000413;0.000593;0.00031;0.000727;-0.003;-0.00013900000000000002;0.000177;1.5e-05;0.00037799999999999997;-6.500000000000001e-05;0.00020199999999999998;0.000204;0.000175;8.199999999999999e-05;8.400000000000001e-05;0.000312;0.000185;-5.5e-05;-2e-06;0.000572;8.599999999999999e-05;0.00017800000000000002;0.00015900000000000002;4.6e-05;6.4e-05;-0.002312;0.00020899999999999998;-0.003;-0.001855;0.000215;0.001055;0.000329;0.000577;0.000324;0.000294;0.00027600000000000004;-0.0029539999999999996;0.000274;-0.003;0.000443;-0.000668;-0.0026630000000000004;-0.003;0.00047100000000000006;-0.0006690000000000001
91;0.000399;0.00040399999999999995;0.000321;-0.002432;0.000413;0.0005639999999999999;0.00044500000000000003;0.0005470000000000001;-0.003;-0.00013900000000000002;0.000171;9.000000000000002e-06;0.00037799999999999997;8e-06;3.8e-05;0.000204;0.000175;7.6e-05;-6.2e-05;0.00043200000000000004;0.000185;-5.5e-05;6.6e-05;0.000572;8.599999999999999e-05;0.00017800000000000002;-0.00020899999999999998;4.6e-05;6.1e-05;-0.002312;0.000215;-0.002884;0.00035200000000000005;0.000215;0.0010609999999999999;0.00018800000000000002;0.0005710000000000001;0.00033;-0.0018759999999999998;0.00027;-0.002827;0.00038;-0.003;0.00043700000000000005;-0.0014140000000000001;-0.001271;-0.003;0.000585;0.000615
92;0.000555;0.00041;0.000321;-0.0020510000000000003;0.000213;0.000593;0.00044500000000000003;0.000541;-0.003;-0.00013900000000000002;0.000171;8.199999999999999e-05;0.000384;8e-06;3.2e-05;9.300000000000001e-05;-2.6000000000000002e-05;0.000297;-6e-06;0.000215;-4e-06;0.00014199999999999998;6e-05;0.00035999999999999997;0.00019500000000000002;0.00017800000000000002;-0.00026500000000000004;5.2000000000000004e-05;5.5e-05;-0.00216;0.00020899999999999998;7.7e-05;-7.3e-05;0.000221;0.000882;0.00019399999999999997;0.0005710000000000001;0.000315;-0.002812;0.000484;-0.003;0.00038;-3e-06;0.00043700000000000005;-0.0014240000000000001;0.000565;-0.003;0.000579;0.000413
93;0.000317;0.000147;0.000321;-0.00195;0.000413;0.0005639999999999999;0.0005639999999999999;0.000727;-0.0022930000000000003;0.000116;0.000163;8.199999999999999e-05;0.00037799999999999997;-0.000114;0.00020199999999999998;0.00010400000000000001;-2.6000000000000002e-05;0.000297;0.000191;7.6e-05;-4.2000000000000004e-05;0.00014199999999999998;0.0;0.00035999999999999997;-1e-06;4e-06;-3.1e-05;4.6e-05;5.5e-05;2.5e-05;0.00020899999999999998;-0.003;0.00011300000000000001;0.000215;0.000882;0.00024;0.0005710000000000001;-6.999999999999999e-06;-0.002806;0.000484;-0.0028239999999999997;0.00038;0.000508;0.000238;0.001335;0.000476;-0.003;0.000579;0.000413
94;0.00032299999999999994;-0.001447;0.00032700000000000003;-0.001944;0.000413;0.00033200000000000005;0.0005639999999999999;-0.0010429999999999999;-0.0022930000000000003;0.00011;0.000163;0.00017199999999999998;0.00034899999999999997;-0.00010800000000000001;0.00020199999999999998;0.000221;0.000175;0.00013600000000000003;0.000131;-0.0027310000000000004;0.000153;0.00014800000000000002;-0.00011300000000000001;0.000578;-0.00014199999999999998;1e-05;8.300000000000001e-05;-0.00016800000000000002;-0.000106;-2e-06;0.00020899999999999998;-0.003;0.000223;0.000215;0.001055;0.00024;-0.0017900000000000001;-6.999999999999999e-06;-0.002806;0.00035200000000000005;-0.002968;0.00038;-2.2000000000000003e-05;0.000238;0.000799;0.0006690000000000001;-0.003;0.000579;0.000615
95;0.00023899999999999998;0.000806;0.000321;-0.00195;0.000419;0.00033200000000000005;-0.001331;-0.0012009999999999998;-0.002134;3.8e-05;0.000169;0.00017800000000000002;0.00034899999999999997;8e-06;0.00020199999999999998;0.000253;0.00018100000000000004;0.00013600000000000003;6.1e-05;-0.002832;0.000153;0.00014199999999999998;-5e-06;0.00045700000000000005;4.8e-05;0.00017800000000000002;1e-05;-0.00016800000000000002;-0.00027200000000000005;-0.000294;0.00020899999999999998;1.1000000000000001e-05;0.00039200000000000004;0.00017199999999999998;0.000947;0.000329;-0.003;0.000315;-0.002806;0.00049;-0.003;0.000386;-0.002992;0.000339;-0.003;0.0005570000000000001;-0.0024230000000000002;0.00047100000000000006;0.000615
96;0.000197;0.000304;0.000273;-0.0020440000000000002;0.000413;0.000535;-0.00257;-0.002327;-0.002029;0.000395;-4e-05;-0.00013800000000000002;0.00034899999999999997;0.000165;0.00020800000000000001;0.00023300000000000003;0.000175;7.6e-05;-0.000215;0.000155;0.000153;0.00014199999999999998;-5e-05;0.00045700000000000005;0.00018899999999999999;0.00017800000000000002;1e-05;4.6e-05;-0.00017999999999999998;-0.00018800000000000002;0.00020899999999999998;0.00016600000000000002;0.00041200000000000004;8.5e-05;-0.002529;0.000329;-0.003;0.000191;-0.0028;0.000484;-0.002806;0.00038;-0.002992;0.00033299999999999996;-0.003;0.00039700000000000005;-0.001144;0.00047700000000000005;0.0005160000000000001
97;-0.003;0.000338;-0.0019690000000000003;-0.002247;0.000413;0.00041200000000000004;-0.002895;-0.002903;0.001357;0.00028300000000000005;-0.002023;-0.000301;0.00017800000000000002;4e-06;0.00020199999999999998;0.00013900000000000002;0.000165;8.199999999999999e-05;-0.000261;5.5e-05;-5.1e-05;3.600000000000001e-05;3.9e-05;0.000467;0.00019500000000000002;0.00017800000000000002;-5e-05;5.2000000000000004e-05;-0.000105;-0.000123;0.000215;0.00017600000000000002;0.00035700000000000006;6.500000000000001e-05;-0.002641;0.000335;-0.003;0.000125;-0.0028;0.000484;-0.001557;0.00038;-0.0029860000000000004;0.00043700000000000005;-0.0025269999999999997;0.00039700000000000005;0.000222;0.000579;0.0005160000000000001
98;-0.003;-0.0016690000000000001;-0.001957;-0.002308;0.000413;0.000462;-0.002585;-0.0029089999999999997;0.001111;0.00040100000000000004;-0.001944;9.000000000000002e-06;1.3999999999999998e-05;4e-06;3.2e-05;7.3e-05;0.000165;7.6e-05;-0.000111;-9.800000000000001e-05;-0.000205;-0.000161;0.00021899999999999998;0.000454;-5.3e-05;0.00017800000000000002;1e-05;4.6e-05;-6.3e-05;-0.000303;0.00020899999999999998;-0.002283;0.00027100000000000003;-9.2e-05;-0.0026349999999999998;0.000329;-0.003;-5e-06;-0.0028;0.000484;-0.0008680000000000001;0.00038;-0.0029860000000000004;0.00043700000000000005;-0.0022969999999999996;0.00045700000000000005;0.00034700000000000003;0.000579;0.000615
99;-0.003;-0.003;-0.001957;0.001251;0.000213;0.000339;-0.003;-0.002873;-0.002287;0.000395;-0.000187;0.00017199999999999998;3.4000000000000007e-05;0.000171;3.2e-05;4e-05;-9.5e-05;0.000297;1.3999999999999998e-05;3.1e-05;-0.000205;-4.9000000000000005e-05;-0.0022719999999999997;0.00046;-0.00013900000000000002;0.00017800000000000002;1.6e-05;4.6e-05;-0.0021959999999999996;-0.00014199999999999998;0.00020899999999999998;-0.0007430000000000001;-0.00010800000000000001;-0.0005639999999999999;-0.002517;0.00027699999999999996;-0.003;5e-06;-0.0028;0.000484;0.000588;-0.001305;-0.0029860000000000004;0.00043700000000000005;-0.002397;0.000377;0.000535;0.000579;0.000413
100;-0.003;-0.003;-0.001957;0.00149;0.000419;0.000368;-0.003;-0.002983;-0.003;0.000395;-0.000121;8.800000000000001e-05;-0.000126;4.2999999999999995e-05;3.2e-05;-0.000248;-0.000305;0.00013600000000000003;-4.6e-05;7.5e-05;-0.000205;0.00014199999999999998;-0.003;0.000394;-0.00020600000000000002;1e-05;3e-05;4.6e-05;-0.002271;-2.7999999999999996e-05;0.00020899999999999998;-0.00018100000000000004;-3.9e-05;-0.000441;-0.0026839999999999998;0.0;-0.003;0.0;-0.0027939999999999996;0.00049;0.000306;-0.003;-0.003;0.00043700000000000005;-0.003;0.000377;0.000535;0.000579;0.000419
101;-0.003;-0.003;-0.0019509999999999998;0.001494;0.000413;9.6e-05;-0.002645;-0.002997;-4.4999999999999996e-05;0.000395;-8.7e-05;8.199999999999999e-05;-0.00022600000000000002;4.2999999999999995e-05;0.00020800000000000001;-0.000443;-0.00021100000000000003;0.00013600000000000003;-8e-06;0.00011;-0.000125;0.00014199999999999998;4.2999999999999995e-05;0.000182;-0.0008309999999999999;4e-06;3e-05;4.6e-05;-0.000167;4.4999999999999996e-05;0.00020899999999999998;6.2e-05;0.000174;-0.00023600000000000002;-0.0026839999999999998;-3.1e-05;-0.003;-0.001381;-0.0027939999999999996;0.00027;0.000491;-0.003;-0.003;0.000443;-0.0024649999999999997;0.000299;0.000535;0.000585;0.000615
102;-0.003;-0.003;-0.0019450000000000001;0.001566;0.000413;0.000162;-0.002639;-0.002937;-0.003;0.00028300000000000005;-0.000107;0.00017199999999999998;-0.00019800000000000002;4e-06;0.00020199999999999998;-0.000149;-5.9000000000000004e-05;0.000297;-4.6e-05;-4.7000000000000004e-05;-4.7000000000000004e-05;8.199999999999999e-05;-4.4000000000000006e-05;0.000334;-0.000523;0.00017800000000000002;-0.00036200000000000007;-0.00016800000000000002;-0.00011300000000000001;-0.00014000000000000001;0.000215;0.000114;0.000145;-0.000368;-0.002505;4e-06;-0.003;0.000885;-0.003;0.00027;0.000214;-0.003;-0.0029860000000000004;0.000238;-0.0026869999999999997;0.000382;0.000535;0.00047100000000000006;0.000615
103;-0.003;-0.003;-0.0019509999999999998;0.0013830000000000001;0.000413;0.00025;-0.002829;-0.002958;-0.001879;0.000289;-8.7e-05;6e-06;-0.0017590000000000001;-5e-06;0.00020199999999999998;-0.000155;-1e-05;0.000297;-0.000228;-0.000222;-5.3e-05;4.7000000000000004e-05;0.00013000000000000002;0.00035299999999999996;-1e-06;0.00017800000000000002;-0.00025800000000000004;5.2000000000000004e-05;-0.00028399999999999996;-0.00014000000000000001;0.00020899999999999998;0.0005200000000000001;0.000146;-0.0003;-0.0026230000000000003;8e-06;-0.003;0.000495;-0.003;0.00027;0.000565;-0.003;-0.0029860000000000004;0.000238;-0.0026260000000000003;-0.00037799999999999997;0.000428;0.00047100000000000006;0.000615
104;-0.0021360000000000003;-0.003;-0.0019450000000000001;0.001352;0.000413;0.000408;-0.003;-0.002742;0.000856;0.000395;-0.000266;-0.00013800000000000002;-0.00018100000000000004;-0.00027600000000000004;0.00020199999999999998;-9.5e-05;-4.4999999999999996e-05;0.000297;-0.000334;5.599999999999999e-05;-9.300000000000001e-05;6.999999999999999e-06;8.999999999999999e-05;0.000207;-1e-06;0.00017800000000000002;-0.00026000000000000003;4.6e-05;-0.000124;-0.000395;7.3e-05;0.0005200000000000001;2.9e-05;-0.000266;-0.0026230000000000003;2e-05;-0.0029389999999999998;-0.0027519999999999997;-0.001909;0.00035200000000000005;0.0006550000000000001;-0.003;-0.00298;0.00043700000000000005;-0.0026260000000000003;-0.00037799999999999997;0.000428;0.000579;0.000615
105;-0.0008100000000000001;-0.003;-0.0019450000000000001;-0.001345;0.000413;0.000538;-0.003;-0.002918;0.000519;0.000395;-0.000207;-0.00012900000000000002;-0.001839;-0.00042;0.00020199999999999998;-0.00020800000000000001;-4.6e-05;8.199999999999999e-05;-0.000162;0.00017;-0.00044500000000000003;-0.00020800000000000001;-0.000111;9.6e-05;0.00018899999999999999;0.000184;-0.00017800000000000002;4.6e-05;-4e-06;-0.000501;7.3e-05;0.0005200000000000001;-0.000121;-0.00039600000000000003;-0.002505;0.0;-0.000989;-0.0023639999999999998;-0.000523;0.000358;0.000449;-0.003;-0.002962;0.00033299999999999996;-0.0026260000000000003;-0.00021;0.00034700000000000003;0.000519;0.000615
106;-0.000532;-0.003;-0.0019390000000000002;-0.0026000000000000003;0.00021899999999999998;0.000329;-0.0014399999999999999;-0.00276;-0.002271;0.000395;1.9e-05;-8.1e-05;-0.00027200000000000005;-0.000326;0.00020800000000000001;-0.0006500000000000001;-3.2e-05;7.6e-05;-5e-05;0.00017;-0.000255;-0.000305;-0.000151;0.000143;4.8e-05;0.00017800000000000002;-0.000238;4.6e-05;-3.8e-05;-0.000268;7.3e-05;0.000526;-0.000374;-0.000361;-0.002505;0.0;0.0005710000000000001;-0.0024700000000000004;0.000413;-0.0;0.000449;-0.0015069999999999999;-0.0018340000000000001;0.000443;-0.002396;-0.000403;0.00034700000000000003;0.000574;0.000435
107;-0.000504;-0.003;-0.002172;-0.002801;0.000287;0.000285;0.001044;-0.0027660000000000002;-0.0026260000000000003;0.000395;6e-06;-5.8e-05;-0.00027200000000000005;-0.00038700000000000003;0.00020199999999999998;-0.000238;-8.7e-05;-0.00017300000000000003;-6.800000000000001e-05;3.9e-05;-5.4000000000000005e-05;-0.00017;6.999999999999999e-06;-0.003;5.4000000000000005e-05;0.00017800000000000002;-0.000298;4.6e-05;0.000125;-0.00025800000000000004;7.9e-05;0.000163;-0.00028399999999999996;3e-06;-0.002678;0.0;0.0005710000000000001;-0.002628;0.000413;-0.001988;0.00039700000000000005;-0.000175;-0.00031;0.00043700000000000005;-0.002192;0.000197;0.000535;0.000373;-0.001035
108;-0.000726;-0.003;-0.0022969999999999996;-0.002246;3.2e-05;9.699999999999999e-05;0.001044;-0.0028139999999999997;-0.002417;0.000289;-5.4000000000000005e-05;-9.699999999999999e-05;-0.000266;-0.000244;0.00020199999999999998;-0.000237;-0.000381;-2.7000000000000002e-05;-0.002085;0.000114;-6e-05;-0.0006459999999999999;4.4000000000000006e-05;-0.003;-0.002504;4e-06;-0.0005250000000000001;5.2000000000000004e-05;0.000185;-0.000163;1.3000000000000001e-05;0.000163;-6.500000000000001e-05;-9.800000000000001e-05;-0.002678;0.0;0.0005710000000000001;-0.002388;0.000413;-0.001976;0.000389;0.00013600000000000003;0.000508;0.00043700000000000005;-0.000806;0.000313;0.000535;0.000245;-0.0027760000000000003
109;-0.0006920000000000001;-0.003;-0.002461;-0.002275;3.2e-05;4.7000000000000004e-05;0.000971;-0.0023420000000000003;-0.002738;0.00028300000000000005;-0.000171;-0.00028300000000000005;-0.00040100000000000004;-0.000122;3.2e-05;-0.002393;-1.2e-05;-6.2e-05;7.099999999999999e-05;-0.00010099999999999999;-6e-05;-0.000735;-0.000156;5e-05;-0.00014199999999999998;4e-06;-0.000261;-0.00016800000000000002;2.5e-05;-0.000443;-0.00018600000000000002;0.0005200000000000001;-0.000263;-0.00010400000000000001;-0.002672;-0.0013340000000000001;0.0005710000000000001;-0.002432;0.000339;-0.001976;0.000608;6.1e-05;0.000508;-0.0007170000000000001;-0.0019069999999999998;0.00013800000000000002;0.000428;-0.0017109999999999998;-0.0012360000000000001
110;-0.000454;-0.003;-0.002447;-0.002074;0.000244;9.699999999999999e-05;0.0009370000000000001;0.00027600000000000004;-0.002798;0.000395;7.8e-05;0.00017800000000000002;-0.00034899999999999997;-4.6e-05;3.2e-05;-0.000368;1.3999999999999998e-05;-9.2e-05;-1.1000000000000001e-05;-0.003;2e-05;-0.00017800000000000002;-0.00226;4e-06;-0.00013000000000000002;0.000184;-0.000379;4.6e-05;-0.00019600000000000002;-0.0005679999999999999;-0.00021100000000000003;0.0005200000000000001;-0.000243;-0.000484;-0.002271;-0.0027110000000000003;0.000577;-0.00237;-0.000635;-0.002184;0.000473;6.800000000000001e-05;0.0006979999999999999;-0.000945;-0.0015630000000000002;0.00020199999999999998;0.00043400000000000003;-0.0016580000000000002;-0.0013700000000000001
111;-0.00063;-0.0018740000000000002;-0.002451;-0.002174;0.00019;0.00028399999999999996;0.000728;0.0011359999999999999;-0.002935;0.000395;8.400000000000001e-05;6e-06;-0.00034899999999999997;-5.2000000000000004e-05;0.00020199999999999998;-0.000247;8.300000000000001e-05;-0.0002;-0.000171;-0.003;-9.2e-05;-0.000253;-0.00209;4.2999999999999995e-05;-0.000235;0.00016399999999999997;-0.00041;4.6e-05;6.999999999999999e-06;-0.0007740000000000001;-5.4000000000000005e-05;0.000526;-0.000143;-7.3e-05;-0.000975;-0.002696;0.0005710000000000001;-0.003;-0.000635;-0.002316;0.00031800000000000003;-9.300000000000001e-05;0.0006979999999999999;-0.0010429999999999999;0.0011279999999999999;0.0002;0.000535;-0.00177;-0.0011890000000000002
112;-0.00057;-0.001889;-0.002417;-0.0020800000000000003;0.000204;0.00039000000000000005;-0.0011340000000000002;0.0005679999999999999;-0.002948;0.000395;1.8000000000000004e-05;6e-06;-0.00014800000000000002;-4e-06;0.00020800000000000001;-0.000212;-5.7e-05;-0.0004;-0.002415;-0.000234;1.3999999999999998e-05;-0.00035299999999999996;-0.002145;5.599999999999999e-05;-0.0002;-0.00033600000000000004;-0.00019399999999999997;4.6e-05;7.6e-05;-0.0007740000000000001;-0.00026700000000000004;0.000143;-0.002725;-0.000174;0.000663;-0.002677;0.0005710000000000001;-0.003;-0.000695;-0.002096;0.00043799999999999997;1.3000000000000001e-05;0.0006979999999999999;-0.001037;0.001175;0.0004;0.00034700000000000003;0.00021899999999999998;-0.001129
113;-5.4000000000000005e-05;0.0008770000000000001;-0.0024430000000000003;-0.003;0.000106;0.000473;-0.002762;-0.001095;-0.001978;0.000395;0.000151;-8.1e-05;-9.1e-05;-0.000322;0.00020199999999999998;5.2000000000000004e-05;-0.000298;8.199999999999999e-05;2.6000000000000002e-05;-0.000234;-1.1000000000000001e-05;-0.00041700000000000005;-0.002191;0.000106;-5.599999999999999e-05;0.000114;-0.002576;5.2000000000000004e-05;7.099999999999999e-05;-0.000548;-0.000109;0.000143;-0.002724;-0.0013100000000000002;0.001055;-0.002704;0.000526;-0.0026489999999999994;0.000424;-0.00197;0.000621;-4.0999999999999994e-05;0.0007040000000000001;-0.0009329999999999999;0.0012790000000000002;0.000499;0.00034700000000000003;0.000213;0.000207
114;-0.00010800000000000001;0.000648;-0.002497;-0.003;-0.000414;0.00046100000000000004;-0.002756;0.000548;-0.000339;0.000256;0.000143;-8.1e-05;1.1000000000000001e-05;-0.00035700000000000006;0.00020199999999999998;-0.000106;-0.000326;0.000297;0.000218;-0.000391;2.9e-05;-0.000679;-1.6e-05;6.500000000000001e-05;-5.1e-05;-0.000245;7.9e-05;4.6e-05;-7.7e-05;-0.002759;-5e-05;0.0005200000000000001;-0.003;-9.900000000000001e-05;0.001055;-0.002597;0.000526;-0.0026889999999999996;0.000464;-0.001964;0.000266;-0.000187;0.0006979999999999999;-0.001138;0.001389;0.000306;0.000535;0.000116;0.000273
115;8.199999999999999e-05;0.0005510000000000001;-0.0026430000000000004;-0.003;-0.0024340000000000004;0.00042100000000000004;-0.002762;0.0008740000000000001;0.00036200000000000007;1.3000000000000001e-05;-0.00032;2.7999999999999996e-05;-4.0999999999999994e-05;-7.9e-05;0.00020199999999999998;-5.9000000000000004e-05;-8.5e-05;0.00013600000000000003;0.000218;-0.000408;-8.300000000000001e-05;-0.0005620000000000001;-0.000337;9.699999999999999e-05;-8.599999999999999e-05;-0.000381;0.00018899999999999999;4.6e-05;8.300000000000001e-05;-0.00034700000000000003;-8.5e-05;0.0005200000000000001;-0.002704;3.2e-05;0.001006;-0.00242;0.000455;-0.0027519999999999997;0.00045799999999999997;-0.001964;0.000513;-0.002484;0.0006979999999999999;-0.00115;0.001395;0.000294;0.000535;0.000105;0.000207
116;-0.000894;0.00066;-0.0025369999999999998;-0.0019380000000000003;-0.0024330000000000003;0.000329;-0.00281;0.000596;0.000684;-5.4000000000000005e-05;-0.000374;3.4000000000000007e-05;-0.000512;-0.000252;0.00020199999999999998;-0.00028000000000000003;-7.9e-05;0.00013600000000000003;0.00025800000000000004;-7.3e-05;-0.001115;-0.00032;4.4000000000000006e-05;-0.0006670000000000001;-0.000146;-0.0019340000000000002;0.000183;4.6e-05;0.0001;-0.00022;-9.900000000000001e-05;0.000526;-0.00279;0.000215;-0.0020099999999999996;-0.002226;0.000455;-0.002492;0.000358;-0.001964;0.00041200000000000004;-0.00287;0.000508;-0.000945;0.001357;0.00033299999999999996;0.000428;0.000213;5.9000000000000004e-05
117;0.000308;0.000757;-0.002613;-0.0018540000000000002;-0.0025380000000000003;0.00036700000000000003;-0.002723;0.00043200000000000004;0.000624;-0.000114;-0.00018100000000000004;0.00017199999999999998;-0.000641;-0.000232;3.8e-05;-0.000253;-2.5e-05;0.000297;0.00022399999999999997;-0.000115;-0.000193;-0.00025100000000000003;5e-05;-9.900000000000001e-05;0.00018899999999999999;-0.000302;-3.3e-05;4.6e-05;-0.00023;-0.000227;-0.00015900000000000002;0.00034;-0.00265;0.000215;-0.001975;-0.00239;-0.0007709999999999999;-0.0026439999999999996;0.00026700000000000004;-0.001958;0.000121;0.000307;0.000508;-0.000951;0.0013289999999999999;0.00022399999999999997;0.000428;0.000231;0.00021899999999999998
118;0.000268;0.000637;-0.001595;-0.000156;-0.002438;0.000593;-0.001403;0.0006990000000000001;0.000594;-1.3999999999999998e-05;-0.000214;0.00017199999999999998;-6e-06;-0.000232;3.2e-05;-7.6e-05;-2.5e-05;0.000297;6.6e-05;-0.00019899999999999999;-0.000287;-0.000322;-6.4e-05;5.1e-05;-0.00023899999999999998;-0.0001;-3.3e-05;4.6e-05;-0.0005620000000000001;-0.000302;-0.000228;0.000163;-0.000242;0.000215;-0.001902;-0.002655;-0.0007709999999999999;-0.0023819999999999996;0.000207;-0.001964;0.000119;0.000413;0.0006979999999999999;-0.000945;-0.0015730000000000002;0.000161;0.000535;0.000205;0.00012
119;-6.4e-05;0.0007430000000000001;0.001336;0.001227;-0.0025380000000000003;0.000593;0.000955;0.000541;0.000823;-8e-06;-0.000234;6e-06;7.400000000000001e-05;-0.00019399999999999997;0.00020199999999999998;7.8e-05;8.5e-05;0.000297;6.3e-05;-1.5e-05;-0.002142;-0.000262;-0.000124;-0.003;-0.000245;-0.00041600000000000003;0.000183;5.2000000000000004e-05;-0.00024100000000000003;0.000232;1.7000000000000003e-05;0.000343;-0.00014800000000000002;0.000221;0.0009379999999999999;-0.002455;-0.0007199999999999999;-0.002388;0.00014199999999999998;-0.002178;0.00032799999999999995;0.000413;0.0006979999999999999;-0.000945;-0.0015249999999999999;0.00039000000000000005;0.000535;0.000145;0.000262
120;4.2000000000000004e-05;0.000737;0.001316;0.0012209999999999999;-0.002432;0.000593;0.000828;0.000483;0.000853;-0.00033600000000000004;-0.000234;-0.000157;8.300000000000001e-05;-0.000158;0.00020199999999999998;1.1000000000000001e-05;4.4999999999999996e-05;0.000303;0.000215;-0.003;-0.00037799999999999997;-0.00037200000000000004;-0.00025800000000000004;-0.003;0.00018899999999999999;-0.0005110000000000001;-0.002205;-0.00016800000000000002;0.000134;0.000238;5.2000000000000004e-05;0.000399;-0.000321;0.000215;0.000963;-0.0020269999999999997;0.000252;-0.003;0.000212;-0.0023040000000000005;0.00043200000000000004;0.00025800000000000004;0.0006979999999999999;-0.0012350000000000002;0.00139;0.00039000000000000005;0.00034700000000000003;2.7999999999999996e-05;0.00032500000000000004
121;0.000126;0.000737;0.001276;0.001103;-0.0026260000000000003;0.000593;0.000809;0.000647;0.000631;0.00016800000000000002;-0.000419;1.5e-05;2.6000000000000002e-05;8.5e-05;0.00020199999999999998;-0.00015;-0.00031;-8.5e-05;-5e-06;-0.003;-0.00039799999999999997;-0.00033299999999999996;-0.00025800000000000004;-6.900000000000001e-05;0.00018899999999999999;-0.000676;0.000183;-0.00016800000000000002;0.000125;2.6000000000000002e-05;-0.00025800000000000004;0.0005200000000000001;-0.000348;-0.00019;0.001064;0.000479;0.00027200000000000005;-0.002408;0.000303;-0.0023040000000000005;0.00033200000000000005;-0.001768;0.0006979999999999999;-0.001516;0.001444;-0.000185;0.00034700000000000003;9.699999999999999e-05;0.000245
122;-0.00030900000000000003;0.000737;0.0013830000000000001;0.000741;-0.0024720000000000002;0.000599;0.000632;0.000833;-0.002411;0.00016800000000000002;-0.000391;0.00017199999999999998;-0.00010300000000000001;8.5e-05;0.00020800000000000001;-0.00018800000000000002;-0.000291;-8.5e-05;0.00042100000000000004;-0.000371;-0.0025789999999999997;-0.000463;-0.000342;6.999999999999999e-06;0.00018899999999999999;-0.00045700000000000005;5.4000000000000005e-05;4.6e-05;-2.4e-05;0.000232;-0.00014800000000000002;0.000526;-8.199999999999999e-05;-0.000319;0.000996;0.000858;0.00027200000000000005;-0.0022919999999999998;0.00032799999999999995;-0.001958;0.000867;0.000182;0.0006979999999999999;-0.0015419999999999998;0.001244;-0.00017300000000000003;0.000535;0.00018600000000000002;0.000245
123;0.000111;0.000527;0.001403;0.001042;-0.002482;0.000593;0.000713;0.000833;-0.0022400000000000002;-0.000127;-0.000252;2.7999999999999996e-05;-5.4000000000000005e-05;-0.000106;0.00020199999999999998;-0.000125;-8.999999999999999e-05;0.000297;0.00023300000000000003;-0.000204;-0.0026210000000000005;-0.00021899999999999998;-0.00011800000000000001;0.000147;0.00019500000000000002;-0.00035299999999999996;-9.2e-05;4.6e-05;-6.500000000000001e-05;0.000232;-0.000167;0.0005200000000000001;-0.000126;-0.000515;0.000705;0.001076;0.00043799999999999997;-0.001123;0.0004930000000000001;-0.001958;0.000758;4.2000000000000004e-05;0.0006979999999999999;-0.0013640000000000002;0.001296;0.00062;0.000541;0.00027600000000000004;3.1e-05
124;0.000187;0.0004870000000000001;0.00149;0.0012209999999999999;-0.002532;0.000361;0.0006590000000000001;0.0007790000000000001;0.0008690000000000001;-0.000161;-0.00023899999999999998;-6.2e-05;-0.000146;-0.00016600000000000002;0.00020199999999999998;-0.0006500000000000001;-8.999999999999999e-05;0.000297;0.00023300000000000003;-0.000249;-0.000521;-0.000522;8.999999999999999e-05;-9.900000000000001e-05;8.599999999999999e-05;-0.000313;-0.00019600000000000002;5.2000000000000004e-05;-0.000191;0.000232;-0.00013900000000000002;-9.300000000000001e-05;-0.000227;-0.000491;0.0005600000000000001;0.0011159999999999998;0.00037200000000000004;6.2e-05;0.000583;-0.001958;0.000614;8.800000000000001e-05;0.0006979999999999999;-0.00143;-0.0014010000000000001;0.00046;0.000535;0.00027600000000000004;-0.000165
125;9.300000000000001e-05;0.000865;-0.000947;0.0012209999999999999;-0.002638;0.000361;0.0007430000000000001;0.0007340000000000001;0.000745;-7.5e-05;-0.000299;0.00017199999999999998;-0.00013800000000000002;-0.00024;0.00020199999999999998;-0.000518;-0.00021700000000000002;0.000297;0.000415;-0.000183;-0.00047700000000000005;-0.000588;-1.8000000000000004e-05;0.000119;-5.5e-05;-0.000313;-0.00019;4.6e-05;-0.000131;0.000238;-0.000175;-0.00022899999999999998;-0.000117;-0.00033200000000000005;0.000658;-0.000788;0.00035999999999999997;0.0010320000000000001;0.000423;-0.001958;0.0005340000000000001;9.5e-05;0.00045200000000000004;-0.001596;-0.0018130000000000002;0.00044799999999999994;0.000535;0.00029600000000000004;-0.00021899999999999998
126;1.3000000000000001e-05;0.000846;0.0014180000000000002;0.0012209999999999999;-0.002638;0.000593;0.000885;0.000952;0.000863;-0.000255;-0.00039299999999999996;0.00017800000000000002;-0.000134;-0.000532;0.00020199999999999998;-0.000713;-0.000201;0.000303;0.000263;-0.000223;-0.00019399999999999997;-0.00034;-5e-06;-7.200000000000002e-05;4.8e-05;-0.000541;-0.000162;4.6e-05;-4.4999999999999996e-05;0.000232;-0.00019;-6.900000000000001e-05;-7.7e-05;-0.00039200000000000004;0.0007709999999999999;0.001129;0.000345;0.000972;0.00041200000000000004;-0.001952;0.000678;-3.3e-05;0.00027800000000000004;-0.001642;0.00095;0.000668;0.000535;0.000273;0.000143
127;-8.7e-05;0.000737;0.0014;0.001103;-0.002696;0.000599;0.000885;-0.002068;0.0009170000000000001;-0.000295;-0.00046600000000000005;0.00017199999999999998;0.00016600000000000002;-0.000429;-8.599999999999999e-05;-0.000444;-0.0005679999999999999;1.6e-05;0.000263;-0.00023300000000000003;-0.00025100000000000003;-0.00028000000000000003;-0.00022600000000000002;-7.200000000000002e-05;-1e-06;-0.0005470000000000001;-0.00025;4.6e-05;-5e-06;0.000232;-0.00015900000000000002;-0.0027739999999999996;0.000132;-0.00043200000000000004;0.000871;-0.001629;0.000305;0.0011330000000000001;0.00047200000000000003;-0.002172;0.000867;-0.000102;0.000354;-0.001522;0.000798;0.000531;0.000535;0.000291;0.00013900000000000002
128;-0.000147;0.0007440000000000001;0.0015030000000000002;0.001103;-0.002274;0.000593;0.000691;-0.002315;0.000795;-0.000435;-0.000366;-0.00039000000000000005;0.000115;-0.000407;-0.00014099999999999998;-0.000509;-0.002512;-0.00041600000000000003;0.00042100000000000004;-0.000133;-0.00023300000000000003;0.00014199999999999998;-0.002444;0.000157;5e-06;-0.000433;-0.000134;4.6e-05;-9.2e-05;0.000232;1e-05;-0.0026260000000000003;2.1000000000000002e-05;-0.0005300000000000001;0.0008309999999999999;-0.00272;0.00027200000000000005;0.001206;0.000609;-0.002148;0.000873;-0.00010800000000000001;0.000414;-0.0015040000000000001;0.0008640000000000001;0.000545;0.000428;0.000285;0.000169
129;9.1e-05;0.00043200000000000004;0.001258;0.0012209999999999999;-0.00014199999999999998;0.000593;0.000678;0.0006550000000000001;0.0008950000000000001;-0.00017;-0.000187;-0.000359;-2.9e-05;-0.000468;-0.00042100000000000004;-0.00035299999999999996;-0.000513;-0.000597;0.000415;-0.00011300000000000001;-0.00023899999999999998;0.00014199999999999998;-0.00017800000000000002;9.699999999999999e-05;0.00018899999999999999;-0.000433;-0.000145;5.2000000000000004e-05;0.00022399999999999997;0.000232;0.00010400000000000001;0.000207;-0.00014099999999999998;-0.002295;0.0009490000000000001;-0.0027400000000000002;0.00035600000000000003;0.001266;0.00043200000000000004;-0.0008179999999999999;0.000758;-7.5e-05;0.000394;-0.0018000000000000002;0.000948;0.00032500000000000004;0.000428;0.00032500000000000004;0.000169
130;0.000193;0.000363;0.001193;0.001042;-4.7000000000000004e-05;0.000593;0.000865;0.0007909999999999999;0.000653;-0.000228;-0.000187;-0.0004870000000000001;-3.5000000000000004e-05;-0.000468;-0.00042100000000000004;-0.00026000000000000003;-0.00035200000000000005;-0.000455;0.000415;-0.000429;-0.00013600000000000003;0.00014800000000000002;-3.4000000000000007e-05;6.3e-05;0.00018899999999999999;-0.00035299999999999996;-0.000382;-0.00016800000000000002;-0.0014140000000000001;0.000238;0.00020899999999999998;0.000307;0.000165;-0.000156;-0.002249;-0.002699;0.00021100000000000003;0.0013419999999999999;0.00047200000000000003;0.0005020000000000001;0.000758;-5.3e-05;0.000428;-0.0018700000000000001;0.0011079999999999998;-0.000339;0.00034700000000000003;0.00032500000000000004;0.00015900000000000002
131;0.000299;0.000443;0.001226;0.0009090000000000001;0.000892;0.000361;0.00042200000000000007;0.0009009999999999999;0.0012150000000000002;-0.00033299999999999996;-0.00019399999999999997;-0.00048100000000000004;-0.000616;0.000171;-0.002719;-0.000343;-0.000366;-0.000415;0.000415;-0.000308;-0.000238;3.600000000000001e-05;1.3999999999999998e-05;3.7000000000000005e-05;0.00018899999999999999;-0.00042100000000000004;0.000183;-0.00016800000000000002;-0.000423;0.000232;0.00020899999999999998;-0.002937;-3e-06;0.000215;-0.002249;-0.001997;0.0005710000000000001;0.00116;0.000292;0.00172;0.000867;4e-05;0.000535;-0.001585;0.001021;-8.7e-05;0.00034700000000000003;0.000313;-9.300000000000001e-05
132;0.00034899999999999997;6.500000000000001e-05;0.001291;0.000715;0.000892;0.000361;0.000653;0.0010500000000000002;0.001243;-0.00287;-0.00019600000000000002;-0.000182;-5.9000000000000004e-05;4.2999999999999995e-05;-0.00035;-0.000314;-0.0004870000000000001;-0.0007740000000000001;0.000263;-0.003;-0.000126;3.600000000000001e-05;7.400000000000001e-05;0.000117;0.00018899999999999999;-0.0006609999999999999;0.000183;4.6e-05;-6.500000000000001e-05;2.6000000000000002e-05;0.00020899999999999998;0.000169;9.000000000000002e-06;0.000215;0.001173;-0.0010490000000000002;0.0005710000000000001;0.00115;0.00045200000000000004;0.00172;0.000678;-0.0;0.000254;-0.0009390000000000001;-0.0017080000000000003;-0.000183;0.000261;0.000391;-3e-05
133;0.000337;0.000531;0.0011909999999999998;0.0005200000000000001;0.0007920000000000001;0.000599;0.0007040000000000001;0.001056;0.0009670000000000001;-0.00283;-0.00019600000000000002;-6e-05;-5.9000000000000004e-05;4.2999999999999995e-05;-0.000446;-0.00032799999999999995;-0.000382;-0.000486;8.7e-05;-0.003;-4e-06;0.00014199999999999998;-0.00014800000000000002;2e-06;0.00018899999999999999;-0.0006709999999999999;-3.3e-05;4.6e-05;0.000125;2.6000000000000002e-05;0.000215;4.2000000000000004e-05;-3.2e-05;0.000215;0.001173;0.00040600000000000006;0.0005710000000000001;0.001595;0.000463;0.00172;0.000678;-0.0001;0.000242;-0.0009329999999999999;-0.001655;-0.00017199999999999998;6.1e-05;0.00034;0.000222
134;0.000215;0.000608;-0.001307;0.000821;0.0007520000000000001;0.000593;0.00061;0.001208;0.0016469999999999998;-0.00023899999999999998;-0.00029299999999999997;-0.0001;-0.000153;0.000165;-0.000506;-0.000263;-0.000317;-0.000643;0.00023300000000000003;-8.900000000000001e-05;0.000185;-5.5e-05;-0.000508;8.900000000000001e-05;-9.800000000000001e-05;0.00017800000000000002;-3.3e-05;5.2000000000000004e-05;0.000153;0.000232;0.00020899999999999998;0.000399;0.00048200000000000006;0.000221;0.001173;0.001476;0.0005710000000000001;0.0014190000000000001;0.00039799999999999997;0.00172;0.000758;-0.0;0.000244;-0.0009329999999999999;0.0013219999999999998;0.000411;0.000161;-0.001598;0.000131
135;5.9000000000000004e-05;0.000234;-0.0012670000000000001;0.000841;0.0005520000000000001;0.000593;0.0006550000000000001;0.001208;0.001251;-0.00040899999999999997;-0.000287;-6.7e-05;-0.00013000000000000002;0.000165;-0.000497;-0.00012;-0.00045799999999999997;-0.000543;0.000415;0.00017999999999999998;0.000185;-4.9000000000000005e-05;-0.000459;0.000109;-0.00010400000000000001;0.00017800000000000002;0.000183;4.6e-05;-0.000285;0.000238;0.00020899999999999998;0.0005200000000000001;0.000476;0.000215;0.001055;0.001031;0.0005710000000000001;0.0014190000000000001;0.00039799999999999997;0.0015880000000000002;0.000758;-0.00018800000000000002;0.000204;-0.0009329999999999999;0.001194;0.000399;0.00017300000000000003;-0.0029739999999999996;-0.002413
136;6.500000000000001e-05;0.00049;0.001196;0.0012209999999999999;0.000598;0.000593;-0.001524;0.001208;0.001251;-0.00019;-0.000275;-0.000403;-0.00163;0.000171;-0.00043700000000000005;-0.000175;-0.00043200000000000004;-0.000594;0.000415;0.00022600000000000002;0.000185;0.00014199999999999998;-0.00017800000000000002;-0.000157;0.00018899999999999999;0.000184;8.5e-05;4.6e-05;-0.00015;0.000232;0.00016399999999999997;0.0005200000000000001;0.00017300000000000003;8.400000000000001e-05;0.001055;0.0010149999999999998;0.0005710000000000001;0.0014190000000000001;0.00036200000000000007;0.0013740000000000002;0.000723;9.900000000000001e-05;0.00010400000000000001;-0.0009329999999999999;-0.0016769999999999999;0.000483;-0.000157;-0.003;-0.002413
137;0.000375;0.00059;0.0012749999999999999;0.001042;0.000806;0.000593;-0.0014409999999999998;0.001038;0.0016469999999999998;-0.000165;-0.0005639999999999999;-0.00047200000000000003;2.7999999999999996e-05;4e-06;-0.0006670000000000001;-0.000175;-0.000237;-0.0007750000000000001;0.000415;0.00022;0.000185;3.600000000000001e-05;-8e-05;4.9000000000000005e-05;4.8e-05;0.00017800000000000002;7.9e-05;4.6e-05;-0.001731;0.000232;-0.00133;0.000526;0.000476;0.000215;0.001173;0.0008950000000000001;0.000577;0.001595;0.00036200000000000007;0.001506;0.000723;5.2000000000000004e-05;0.000204;-0.0009270000000000001;-0.00174;0.0006;-5.8e-05;-0.003;-0.002269
138;0.00028100000000000005;0.00041700000000000005;0.001381;0.001042;0.000926;-0.002915;0.000747;0.001208;0.0016469999999999998;-0.00038500000000000003;0.000171;-0.000348;2.7999999999999996e-05;4e-06;-0.00046;0.000264;-0.000237;7.6e-05;0.00042100000000000004;0.000509;-4e-06;3.600000000000001e-05;-0.000134;0.000572;4.8e-05;0.00017800000000000002;0.000183;4.6e-05;-0.00033200000000000005;0.000232;-0.001288;0.0005200000000000001;0.000476;0.000215;0.001;0.0009570000000000001;0.0005710000000000001;0.001595;0.00043700000000000005;0.00172;0.000867;0.000413;0.000231;-0.0008370000000000001;0.0009379999999999999;0.00044;-0.000252;-0.002806;0.000235
139;0.000221;0.00016;0.001305;0.001103;0.0009059999999999999;-0.003;0.0007740000000000001;0.0011970000000000001;0.001653;0.00040100000000000004;0.000171;-0.000231;0.000384;0.000165;-0.00040600000000000006;0.00013900000000000002;-0.000312;0.000303;0.000263;0.000389;-1e-05;0.00014199999999999998;-8e-05;0.00045700000000000005;0.00019500000000000002;4e-06;0.000183;5.2000000000000004e-05;-0.000464;0.000232;-0.001454;0.0005200000000000001;0.00048200000000000006;3.8e-05;0.001;0.000878;0.0005710000000000001;0.0014490000000000002;0.00043700000000000005;0.00172;0.000867;0.000413;0.000237;0.000918;0.0008759999999999999;0.000509;-8.5e-05;-0.002812;0.00027100000000000003
140;0.000577;8.199999999999999e-05;0.00126;0.001103;0.001006;-0.003;0.0007740000000000001;0.0009209999999999999;0.0016469999999999998;0.000395;0.000171;-0.000191;0.00037799999999999997;0.000165;-0.000268;0.00025;-0.00037200000000000004;0.000297;0.000263;0.000389;0.000185;0.00014800000000000002;3.3e-05;0.00045700000000000005;0.00018899999999999999;4e-06;-3.3e-05;4.6e-05;-0.000612;0.000238;-2.4e-05;0.0005200000000000001;0.000476;3.2e-05;0.001;0.001687;0.0005710000000000001;0.0014490000000000002;0.000884;0.00172;0.000867;0.000419;0.0006979999999999999;0.002436;0.0007520000000000001;0.000509;6.3e-05;-0.002914;0.000174
141;0.0004270000000000001;0.00015;-0.0010040000000000001;0.001038;0.001062;-0.003;0.0013650000000000001;0.0007509999999999999;0.0014730000000000001;0.000395;3.8e-05;3.9e-05;0.00037799999999999997;0.000171;-0.00020600000000000002;0.000381;-0.00038700000000000003;0.000297;0.00023300000000000003;0.000298;0.000185;-5.5e-05;-6.7e-05;0.000578;0.00018899999999999999;0.00017800000000000002;-2.7000000000000002e-05;4.6e-05;-0.000702;2.6000000000000002e-05;-9.900000000000001e-05;0.000343;0.000476;0.000215;0.001173;0.001687;0.0005710000000000001;0.001595;0.000884;0.0015880000000000002;0.000569;0.000413;0.0007040000000000001;0.002739;0.000873;0.000799;0.000163;-0.002914;0.000413
142;0.00042100000000000004;2.9e-05;0.0012990000000000002;0.001038;0.000894;-0.003;0.0013650000000000001;-0.0020440000000000002;0.001251;0.000395;3.2e-05;-6.7e-05;0.00037799999999999997;4.2999999999999995e-05;0.00020199999999999998;0.000381;-2.6000000000000002e-05;0.00013600000000000003;0.00023300000000000003;0.000292;0.000185;-5.5e-05;3.3e-05;0.000572;-1e-06;0.000184;0.000183;-0.00016800000000000002;-0.000541;0.000232;-5.2000000000000004e-05;0.000169;0.000476;0.000215;0.0011790000000000001;0.001687;0.0005710000000000001;0.001595;0.0008900000000000001;0.0015880000000000002;0.000575;0.000413;0.0006979999999999999;0.002739;0.001131;0.000793;0.000163;-0.002806;0.000413
143;0.000532;-0.00043799999999999997;-0.001092;-0.000259;-0.0005909999999999999;0.000579;-0.003;0.000246;-0.000509;0.000395;0.000171;0.000132;0.00037799999999999997;0.000171;0.00020199999999999998;0.00034600000000000006;0.00018100000000000004;0.000297;0.000415;0.00035600000000000003;0.000185;0.00014199999999999998;0.00039200000000000004;0.00036200000000000007;0.00018899999999999999;0.000184;0.000183;4.6e-05;0.0004;0.000232;0.00020899999999999998;0.000526;0.000476;0.000221;0.000222;-0.0010290000000000002;0.000369;-0.0006490000000000001;-0.000301;-0.0007509999999999999;3.600000000000001e-05;0.00034700000000000003;5.4000000000000005e-05;-0.0018640000000000002;-0.000574;0.000273;0.00024100000000000003;0.000286;-0.003
