;0;1;2;3;4;5;6;7;8;9;10;11;12;13;14;15;16;17;18;19;20;21;22;23;24;25;26;27;28;29;30;31;32;33;34;35;36;37
0;0.0;0.0;0.0;0.0;0.0;0.0;0.0;0.0;0.0;0.0;0.0;0.0;0.0;0.0;0.0;0.0;0.0;0.0;0.0;0.0;0.0;0.0;0.0;0.0;0.0;0.0;0.0;0.0;0.0;0.0;0.0;0.0;0.0;0.0;0.0;0.0;0.0;0.0
1;0.0;0.0;0.0;0.0;0.0;0.0;0.0;0.0;0.0;0.0;0.0;0.0;0.0;0.0;0.0;0.0;0.0;0.0;0.0;0.0;0.0;0.0;0.0;0.0;0.0;0.0;0.0;0.0;0.0;0.0;0.0;0.0;0.0;0.0;0.0;0.0;0.0;0.0
2;0.0;0.0;0.0;0.0;0.0;0.0;0.0;0.0;0.0;0.0;0.0;0.0;0.0;0.0;0.0;0.0;0.0;0.0;0.0;0.0;0.0;0.0;0.0;0.0;0.0;0.0;0.0;0.0;0.0;0.0;0.0;0.0;0.0;0.0;0.0;0.0;0.0;0.0
3;0.0;0.0;0.0;0.0;0.0;0.0;0.0;0.0;0.0;0.0;0.0;0.0;0.0;0.0;0.0;0.0;0.0;0.0;0.0;0.0;0.0;0.0;0.0;0.0;0.0;0.0;0.0;0.0;0.0;0.0;0.0;0.0;0.0;0.0;0.0;0.0;0.0;0.0
4;0.0;0.0;0.0;0.0;0.0;0.0;0.0;0.0;0.0;0.0;0.0;0.0;0.0;0.0;0.0;0.0;0.0;0.0;0.0;0.0;0.0;0.0;0.0;0.0;0.0;0.0;0.0;0.0;0.0;0.0;0.0;0.0;0.0;0.0;0.0;0.0;0.0;0.0
5;0.0;0.0;0.0;0.0;0.0;0.0;0.0;0.0;0.0;0.0;0.0;0.0;0.0;0.0;0.0;0.0;0.0;0.0;0.0;0.0;0.0;0.0;0.0;0.0;0.0;0.0;0.0;0.0;0.0;0.0;0.0;0.0;0.0;0.0;0.0;0.0;0.0;0.0
6;0.0;0.0;0.0;0.0;0.0;0.0;0.0;0.0;0.0;0.0;0.0;0.0;0.0;0.0;0.0;0.0;0.0;0.0;0.0;0.0;0.0;0.0;0.0;0.0;0.0;0.0;0.0;0.0;0.0;0.0;0.0;0.0;0.0;0.0;0.0;0.0;0.0;0.0
7;0.0;0.0;0.0;0.0;0.0;0.0;0.0;0.0;0.0;0.0;0.0;0.0;0.0;0.0;0.0;0.0;0.0;0.0;0.0;0.0;0.0;0.0;0.0;0.0;0.0;0.0;0.0;0.0;0.0;0.0;0.0;0.0;0.0;0.0;0.0;0.0;0.0;0.0
8;0.0;0.0;0.0;0.0;0.0;0.0;0.0;0.0;0.0;0.0;0.0;0.0;0.0;0.0;0.0;0.0;0.0;0.0;0.0;0.0;0.0;0.0;0.0;0.0;0.0;0.0;0.0;0.0;0.0;0.0;0.0;0.0;0.0;0.0;0.0;0.0;0.0;0.0
9;0.0;0.0;0.0;0.0;0.0;0.0;0.0;0.0;0.0;0.0;0.0;0.0;0.0;0.0;0.0;0.0;0.0;0.0;0.0;0.0;0.0;0.0;0.0;0.0;0.0;0.0;0.0;0.0;0.0;0.0;0.0;0.0;0.0;0.0;0.0;0.0;0.0;0.0
10;0.0;0.0;0.0;0.0;0.0;0.0;0.0;0.0;0.0;0.0;0.0;0.0;0.0;0.0;0.0;0.0;0.0;0.0;0.0;0.0;0.0;0.0;0.0;0.0;0.0;0.0;0.0;0.0;0.0;0.0;0.0;0.0;0.0;0.0;0.0;0.0;0.0;0.0
11;0.0;0.0;0.0;0.0;0.0;0.0;0.0;0.0;0.0;0.0;0.0;0.0;0.0;0.0;0.0;0.0;0.0;0.0;0.0;0.0;0.0;0.0;0.0;0.0;0.0;0.0;0.0;0.0;0.0;0.0;0.0;0.0;0.0;0.0;0.0;0.0;0.0;0.0
12;0.0;0.0;0.0;0.0;0.0;0.0;0.0;0.0;0.0;0.0;0.0;0.0;0.0;0.0;0.0;0.0;0.0;0.0;0.0;0.0;0.0;0.0;0.0;0.0;0.0;0.0;0.0;0.0;0.0;0.0;0.0;0.0;0.0;0.0;0.0;0.0;0.0;0.0
13;0.0;0.0;0.0;0.0;0.0;0.0;0.0;0.0;0.0;0.0;0.0;0.0;0.0;0.0;0.0;0.0;0.0;0.0;0.0;0.0;0.0;0.0;0.0;0.0;0.0;0.0;0.0;0.0;0.0;0.0;0.0;0.0;0.0;0.0;0.0;0.0;0.0;0.0
14;0.0;0.0;0.0;0.0;0.0;0.0;0.0;0.0;0.0;0.0;0.0;0.0;0.0;0.0;0.0;0.0;0.0;0.0;0.0;0.0;0.0;0.0;0.0;0.0;0.0;0.0;0.0;0.0;0.0;0.0;0.0;0.0;0.0;0.0;0.0;0.0;0.0;0.0
15;0.0;0.0;0.0;0.0;0.0;0.0;0.0;0.0;0.0;0.0;0.0;0.0;0.0;0.0;0.0;0.0;0.0;0.0;0.0;0.0;0.0;0.0;0.0;0.0;0.0;0.0;0.0;0.0;0.0;0.0;0.0;0.0;0.0;0.0;0.0;0.0;0.0;0.0
16;0.0;0.0;0.0;0.0;0.0;0.0;0.0;0.0;0.0;0.0;0.0;0.0;0.0;0.0;0.0;0.0;0.0;0.0;0.0;0.0;0.0;0.0;0.0;0.0;0.0;0.0;0.0;0.0;0.0;0.0;0.0;0.0;0.0;0.0;0.0;0.0;0.0;0.0
17;0.0;0.0;0.0;0.0;0.0;0.0;0.0;0.0;0.0;0.0;0.0;0.0;0.0;0.0;0.0;0.0;0.0;0.0;0.0;0.0;0.0;0.0;0.0;0.0;0.0;0.0;0.0;0.0;0.0;0.0;0.0;0.0;0.0;0.0;0.0;0.0;0.0;0.0
18;0.0;0.0;0.0;0.0;0.0;0.0;0.0;0.0;0.0;0.0;0.0;0.0;0.0;0.0;0.0;0.0;0.0;0.0;0.0;0.0;0.0;0.0;0.0;0.0;0.0;0.0;0.0;0.0;0.0;0.0;0.0;0.0;0.0;0.0;0.0;0.0;0.0;0.0
19;0.0;0.0;0.0;0.0;0.0;0.0;0.0;0.0;0.0;0.0;0.0;0.0;0.0;0.0;0.0;0.0;0.0;0.0;0.0;0.0;0.0;0.0;0.0;0.0;0.0;0.0;0.0;0.0;0.0;0.0;0.0;0.0;0.0;0.0;0.0;0.0;0.0;0.0
20;0.0;0.0;0.0;0.0;0.0;0.0;0.0;0.0;0.0;0.0;0.0;0.0;0.0;0.0;0.0;0.0;0.0;0.0;0.0;0.0;0.0;0.0;0.0;0.0;0.0;0.0;0.0;0.0;0.0;0.0;0.0;0.0;0.0;0.0;0.0;0.0;0.0;0.0
21;0.0;0.0;0.0;0.0;0.0;0.0;0.0;0.0;0.0;0.0;0.0;0.0;0.0;0.0;0.0;0.0;0.0;0.0;0.0;0.0;0.0;0.0;0.0;0.0;0.0;0.0;0.0;0.0;0.0;0.0;0.0;0.0;0.0;0.0;0.0;0.0;0.0;0.0
22;0.0;0.0;0.0;0.0;0.0;0.0;0.0;0.0;0.0;0.0;0.0;0.0;0.0;0.0;0.0;0.0;0.0;0.0;0.0;0.0;0.0;0.0;0.0;0.0;0.0;0.0;0.0;0.0;0.0;0.0;0.0;0.0;0.0;0.0;0.0;0.0;0.0;0.0
23;0.0;0.0;0.0;0.0;0.0;0.0;0.0;0.0;0.0;0.0;0.0;0.0;0.0;0.0;0.0;0.0;0.0;0.0;0.0;0.0;0.0;0.0;0.0;0.0;0.0;0.0;0.0;0.0;0.0;0.0;0.0;0.0;0.0;0.0;0.0;0.0;0.0;0.0
24;0.0;0.0;0.0;0.0;0.0;0.0;0.0;0.0;0.0;0.0;0.0;0.0;0.0;0.0;0.0;0.0;0.0;0.0;0.0;0.0;0.0;0.0;0.0;0.0;0.0;0.0;0.0;0.0;0.0;0.0;0.0;0.0;0.0;0.0;0.0;0.0;0.0;0.0
25;0.0;0.0;0.0;0.0;0.0;0.0;0.0;0.0;0.0;0.0;0.0;0.0;0.0;0.0;0.0;0.0;0.0;0.0;0.0;0.0;0.0;0.0;0.0;0.0;0.0;0.0;0.0;0.0;0.0;0.0;0.0;0.0;0.0;0.0;0.0;0.0;0.0;0.0
26;0.0;0.0;0.0;0.0;0.0;0.0;0.0;0.0;0.0;0.0;0.0;0.0;0.0;0.0;0.0;0.0;0.0;0.0;0.0;0.0;0.0;0.0;0.0;0.0;0.0;0.0;0.0;0.0;0.0;0.0;0.0;0.0;0.0;0.0;0.0;0.0;0.0;0.0
27;0.0;0.0;0.0;0.0;0.0;0.0;0.0;0.0;0.0;0.0;0.0;0.0;0.0;0.0;0.0;0.0;0.0;0.0;0.0;0.0;0.0;0.0;0.0;0.0;0.0;0.0;0.0;0.0;0.0;0.0;0.0;0.0;0.0;0.0;0.0;0.0;0.0;0.0
28;0.0;0.0;0.0;0.0;0.0;0.0;0.0;0.0;0.0;0.0;0.0;0.0;0.0;0.0;0.0;0.0;0.0;0.0;0.0;0.0;0.0;0.0;0.0;0.0;0.0;0.0;0.0;0.0;0.0;0.0;0.0;0.0;0.0;0.0;0.0;0.0;0.0;0.0
29;0.0;0.0;0.0;0.0;0.0;0.0;0.0;0.0;0.0;0.0;0.0;0.0;0.0;0.0;0.0;0.0;0.0;0.0;0.0;0.0;0.0;0.0;0.0;0.0;0.0;0.0;0.0;0.0;0.0;0.0;0.0;0.0;0.0;0.0;0.0;0.0;0.0;0.0
30;0.0;0.0;0.0;0.0;0.0;0.0;0.0;0.0;0.0;0.0;0.0;0.0;0.0;0.0;0.0;0.0;0.0;0.0;0.0;0.0;0.0;0.0;0.0;0.0;0.0;0.0;0.0;0.0;0.0;0.0;0.0;0.0;0.0;0.0;0.0;0.0;0.0;0.0
31;0.0;0.0;0.0;0.0;0.0;0.0;0.0;0.0;0.0;0.0;0.0;0.0;0.0;0.0;0.0;0.0;0.0;0.0;0.0;0.0;0.0;0.0;0.0;0.0;0.0;0.0;0.0;0.0;0.0;0.0;0.0;0.0;0.0;0.0;0.0;0.0;0.0;0.0
32;0.0;0.0;0.0;0.0;0.0;0.0;0.0;0.0;0.0;0.0;0.0;0.0;0.0;0.0;0.0;0.0;0.0;0.0;0.0;0.0;0.0;0.0;0.0;0.0;0.0;0.0;0.0;0.0;0.0;0.0;0.0;0.0;0.0;0.0;0.0;0.0;0.0;0.0
33;0.0;0.0;0.0;0.0;0.0;0.0;0.0;0.0;0.0;0.0;0.0;0.0;0.0;0.0;0.0;0.0;0.0;0.0;0.0;0.0;0.0;0.0;0.0;0.0;0.0;0.0;0.0;0.0;0.0;0.0;0.0;0.0;0.0;0.0;0.0;0.0;0.0;0.0
34;0.0;0.0;0.0;0.0;0.0;0.0;0.0;0.0;0.0;0.0;0.0;0.0;0.0;0.0;0.0;0.0;0.0;0.0;0.0;0.0;0.0;0.0;0.0;0.0;0.0;0.0;0.0;0.0;0.0;0.0;0.0;0.0;0.0;0.0;0.0;0.0;0.0;0.0
35;0.0;0.0;0.0;0.0;0.0;0.0;0.0;0.0;0.0;0.0;0.0;0.0;0.0;0.0;0.0;0.0;0.0;0.0;0.0;0.0;0.0;0.0;0.0;0.0;0.0;0.0;0.0;0.0;0.0;0.0;0.0;0.0;0.0;0.0;0.0;0.0;0.0;0.0
36;0.0;0.0;0.0;0.0;0.0;0.0;0.0;0.0;0.0;0.0;0.0;0.0;0.0;0.0;0.0;0.0;0.0;0.0;0.0;0.0;0.0;0.0;0.0;0.0;0.0;0.0;0.0;0.0;0.0;0.0;0.0;0.0;0.0;0.0;0.0;0.0;0.0;0.0
37;0.0;0.0;0.0;0.0;0.0;0.0;0.0;0.0;0.0;0.0;0.0;0.0;0.0;0.0;0.0;0.0;0.0;0.0;0.0;0.0;0.0;0.0;0.0;0.0;0.0;0.0;0.0;0.0;0.0;0.0;0.0;0.0;0.0;0.0;0.0;0.0;0.0;0.0
38;0.0;0.0;0.0;0.0;0.0;0.0;0.0;0.0;0.0;0.0;0.0;0.0;0.0;0.0;0.0;0.0;0.0;0.0;0.0;0.0;0.0;0.0;0.0;0.0;0.0;0.0;0.0;0.0;0.0;0.0;0.0;0.0;0.0;0.0;0.0;0.0;0.0;0.0
39;0.0001;0.0001;0.0001;0.0001;0.0001;0.0001;0.0001;0.0001;0.0001;0.0001;0.0001;0.0001;0.0001;0.0001;0.0001;0.0001;0.0001;0.0001;0.0001;0.0001;0.0001;0.0001;0.0001;0.0001;0.0001;0.0001;0.0001;0.0001;0.0001;0.0001;0.0001;0.0001;0.0001;0.0001;0.0001;0.0001;0.0001;0.0001
40;0.0001;0.0001;0.0001;0.0001;0.0001;0.0001;0.0001;0.0001;0.0001;0.0001;0.0001;0.0001;0.0001;0.0001;0.0001;0.0001;0.0001;0.0001;0.0001;0.0001;0.0001;0.0001;0.0001;0.0001;0.0001;0.0001;0.0001;0.0001;0.0001;0.0001;0.0001;0.0001;0.0001;0.0001;0.0001;0.0001;0.0001;0.0001
41;0.0001;0.0001;0.0001;0.0001;0.0001;0.0001;0.0001;0.0001;0.0001;0.0001;0.0001;0.0001;0.0001;0.0001;0.0001;0.0001;0.0001;0.0001;0.0001;0.0001;0.0001;0.0001;0.0001;0.0001;0.0001;0.0001;0.0001;0.0001;0.0001;0.0001;0.0001;0.0001;0.0001;0.0001;0.0001;0.0001;0.0001;0.0001
42;0.0001;0.0001;0.0001;0.0001;0.0001;0.0001;0.0001;0.0001;0.0001;0.0001;0.0001;0.0001;0.0001;0.0001;0.0001;0.0001;0.0001;0.0001;0.0001;0.0001;0.0001;0.0001;0.0001;0.0001;0.0001;0.0001;0.0001;0.0001;0.0001;0.0001;0.0001;0.0001;0.0001;0.0001;0.0001;0.0001;0.0001;0.0001
43;0.0001;0.0001;0.0001;0.0001;0.0001;0.0001;0.0001;0.0001;0.0001;0.0001;0.0001;0.0001;0.0001;0.0001;0.0001;0.0001;0.0001;0.0001;0.0001;0.0001;0.0001;0.0001;0.0001;0.0001;0.0001;0.0001;0.0001;0.0001;0.0001;0.0001;0.0001;0.0001;0.0001;0.0001;0.0001;0.0001;0.0001;0.0001
44;0.0001;0.0001;0.0001;0.0001;0.0001;0.0001;0.0001;0.0001;0.0001;0.0001;0.0001;0.0001;0.0001;0.0001;0.0001;0.0001;0.0001;0.0001;0.0001;0.0001;0.0001;0.0001;0.0001;0.0001;0.0001;0.0001;0.0001;0.0001;0.0001;0.0001;0.0001;0.0001;0.0001;0.0001;0.0001;0.0001;0.0001;0.0001
45;0.0003;0.0003;0.0003;0.0003;0.0003;0.0003;0.0003;0.0003;0.0003;0.0003;0.0003;0.0003;0.0003;0.0003;0.0003;0.0003;0.0003;0.0003;0.0003;0.0003;0.0003;0.0003;0.0003;0.0003;0.0003;0.0003;0.0003;0.0003;0.0003;0.0003;0.0003;0.0003;0.0003;0.0003;0.0003;0.0003;0.0003;0.0003
46;0.0003;0.0003;0.0003;0.0003;0.0003;0.0003;0.0003;0.0003;0.0003;0.0003;0.0003;0.0003;0.0003;0.0003;0.0003;0.0003;0.0003;0.0003;0.0003;0.0003;0.0003;0.0003;0.0003;0.0003;0.0003;0.0003;0.0003;0.0003;0.0003;0.0003;0.0003;0.0003;0.0003;0.0003;0.0003;0.0003;0.0003;0.0003
47;0.0003;0.0003;0.0003;0.0003;0.0003;0.0003;0.0003;0.0003;0.0003;0.0003;0.0003;0.0003;0.0003;0.0003;0.0003;0.0003;0.0003;0.0003;0.0003;0.0003;0.0003;0.0003;0.0003;0.0003;0.0003;0.0003;0.0003;0.0003;0.0003;0.0003;0.0003;0.0003;0.0003;0.0003;0.0003;0.0003;0.0003;0.0003
48;0.0003;0.0003;0.0003;0.0003;0.0003;0.0003;0.0003;0.0003;0.0003;0.0003;0.0003;0.0003;0.0003;0.0003;0.0003;0.0003;0.0003;0.0003;0.0003;0.0003;0.0003;0.0003;0.0003;0.0003;0.0003;0.0003;0.0003;0.0003;0.0003;0.0003;0.0003;0.0003;0.0003;0.0003;0.0003;0.0003;0.0003;0.0003
49;0.0003;0.0003;0.0003;0.0003;0.0003;0.0003;0.0003;0.0003;0.0003;0.0003;0.0003;0.0003;0.0003;0.0003;0.0003;0.0003;0.0003;0.0003;0.0003;0.0003;0.0003;0.0003;0.0003;0.0003;0.0003;0.0003;0.0003;0.0003;0.0003;0.0003;0.0003;0.0003;0.0003;0.0003;0.0003;0.0003;0.0003;0.0003
50;0.0003;0.0003;0.0003;0.0003;0.0003;0.0003;0.0003;0.0003;0.0003;0.0003;0.0003;0.0003;0.0003;0.0003;0.0003;0.0003;0.0003;0.0003;0.0003;0.0003;0.0003;0.0003;0.0003;0.0003;0.0003;0.0003;0.0003;0.0003;0.0003;0.0003;0.0003;0.0003;0.0003;0.0003;0.0003;0.0003;0.0003;0.0003
51;0.0006;0.0006;0.0006;0.0006;0.0006;0.0006;0.0006;0.0006;0.0006;0.0006;0.0006;0.0006;0.0006;0.0006;0.0006;0.0006;0.0006;0.0006;0.0006;0.0006;0.0006;0.0006;0.0006;0.0006;0.0006;0.0006;0.0006;0.0006;0.0006;0.0006;0.0006;0.0006;0.0006;0.0006;0.0006;0.0006;0.0006;0.0006
52;0.0006;0.0006;0.0006;0.0006;0.0006;0.0006;0.0006;0.0006;0.0006;0.0006;0.0006;0.0006;0.0006;0.0006;0.0006;0.0006;0.0006;0.0006;0.0006;0.0006;0.0006;0.0006;0.0006;0.0006;0.0006;0.0006;0.0006;0.0006;0.0006;0.0006;0.0006;0.0006;0.0006;0.0006;0.0006;0.0006;0.0006;0.0006
53;0.0006;0.0006;0.0006;0.0006;0.0006;0.0006;0.0006;0.0006;0.0006;0.0006;0.0006;0.0006;0.0006;0.0006;0.0006;0.0006;0.0006;0.0006;0.0006;0.0006;0.0006;0.0006;0.0006;0.0006;0.0006;0.0006;0.0006;0.0006;0.0006;0.0006;0.0006;0.0006;0.0006;0.0006;0.0006;0.0006;0.0006;0.0006
54;0.0006;0.0006;0.0006;0.0006;0.0006;0.0006;0.0006;0.0006;0.0006;0.0006;0.0006;0.0006;0.0006;0.0006;0.0006;0.0006;0.0006;0.0006;0.0006;0.0006;0.0006;0.0006;0.0006;0.0006;0.0006;0.0006;0.0006;0.0006;0.0006;0.0006;0.0006;0.0006;0.0006;0.0006;0.0006;0.0006;0.0006;0.0006
55;0.0006;0.0006;0.0006;0.0006;0.0006;0.0006;0.0006;0.0006;0.0006;0.0006;0.0006;0.0006;0.0006;0.0006;0.0006;0.0006;0.0006;0.0006;0.0006;0.0006;0.0006;0.0006;0.0006;0.0006;0.0006;0.0006;0.0006;0.0006;0.0006;0.0006;0.0006;0.0006;0.0006;0.0006;0.0006;0.0006;0.0006;0.0006
56;0.0006;0.0006;0.0006;0.0006;0.0006;0.0006;0.0006;0.0006;0.0006;0.0006;0.0006;0.0006;0.0006;0.0006;0.0006;0.0006;0.0006;0.0006;0.0006;0.0006;0.0006;0.0006;0.0006;0.0006;0.0006;0.0006;0.0006;0.0006;0.0006;0.0006;0.0006;0.0006;0.0006;0.0006;0.0006;0.0006;0.0006;0.0006
57;0.001;0.001;0.001;0.001;0.001;0.001;0.001;0.001;0.001;0.001;0.001;0.001;0.001;0.001;0.001;0.001;0.001;0.001;0.001;0.001;0.001;0.001;0.001;0.001;0.001;0.001;0.001;0.001;0.001;0.001;0.001;0.001;0.001;0.001;0.001;0.001;0.001;0.001
58;0.001;0.001;0.001;0.001;0.001;0.001;0.001;0.001;0.001;0.001;0.001;0.001;0.001;0.001;0.001;0.001;0.001;0.001;0.001;0.001;0.001;0.001;0.001;0.001;0.001;0.001;0.001;0.001;0.001;0.001;0.001;0.001;0.001;0.001;0.001;0.001;0.001;0.001
59;0.001;0.001;0.001;0.001;0.001;0.001;0.001;0.001;0.001;0.001;0.001;0.001;0.001;0.001;0.001;0.001;0.001;0.001;0.001;0.001;0.001;0.001;0.001;0.001;0.001;0.001;0.001;0.001;0.001;0.001;0.001;0.001;0.001;0.001;0.001;0.001;0.001;0.001
60;0.001;0.001;0.001;0.001;0.001;0.001;0.001;0.001;0.001;0.001;0.001;0.001;0.001;0.001;0.001;0.001;0.001;0.001;0.001;0.001;0.001;0.001;0.001;0.001;0.001;0.001;0.001;0.001;0.001;0.001;0.001;0.001;0.001;0.001;0.001;0.001;0.001;0.001
61;0.001;0.001;0.001;0.001;0.001;0.001;0.001;0.001;0.001;0.001;0.001;0.001;0.001;0.001;0.001;0.001;0.001;0.001;0.001;0.001;0.001;0.001;0.001;0.001;0.001;0.001;0.001;0.001;0.001;0.001;0.001;0.001;0.001;0.001;0.001;0.001;0.001;0.001
62;0.001;0.001;0.001;0.001;0.001;0.001;0.001;0.001;0.001;0.001;0.001;0.001;0.001;0.001;0.001;0.001;0.001;0.001;0.001;0.001;0.001;0.001;0.001;0.001;0.001;0.001;0.001;0.001;0.001;0.001;0.001;0.001;0.001;0.001;0.001;0.001;0.001;0.001
63;0.0016;0.0016;0.0016;0.0016;0.0016;0.0016;0.0016;0.0016;0.0016;0.0016;0.0016;0.0016;0.0016;0.0016;0.0016;0.0016;0.0016;0.0016;0.0016;0.0016;0.0016;0.0016;0.0016;0.0016;0.0016;0.0016;0.0016;0.0016;0.0016;0.0016;0.0016;0.0016;0.0016;0.0016;0.0016;0.0016;0.0016;0.0016
64;0.0016;0.0016;0.0016;0.0016;0.0016;0.0016;0.0016;0.0016;0.0016;0.0016;0.0016;0.0016;0.0016;0.0016;0.0016;0.0016;0.0016;0.0016;0.0016;0.0016;0.0016;0.0016;0.0016;0.0016;0.0016;0.0016;0.0016;0.0016;0.0016;0.0016;0.0016;0.0016;0.0016;0.0016;0.0016;0.0016;0.0016;0.0016
65;0.0016;0.0016;0.0016;0.0016;0.0016;0.0016;0.0016;0.0016;0.0016;0.0016;0.0016;0.0016;0.0016;0.0016;0.0016;0.0016;0.0016;0.0016;0.0016;0.0016;0.0016;0.0016;0.0016;0.0016;0.0016;0.0016;0.0016;0.0016;0.0016;0.0016;0.0016;0.0016;0.0016;0.0016;0.0016;0.0016;0.0016;0.0016
66;0.0016;0.0016;0.0016;0.0016;0.0016;0.0016;0.0016;0.0016;0.0016;0.0016;0.0016;0.0016;0.0016;0.0016;0.0016;0.0016;0.0016;0.0016;0.0016;0.0016;0.0016;0.0016;0.0016;0.0016;0.0016;0.0016;0.0016;0.0016;0.0016;0.0016;0.0016;0.0016;0.0016;0.0016;0.0016;0.0016;0.0016;0.0016
67;0.0016;0.0016;0.0016;0.0016;0.0016;0.0016;0.0016;0.0016;0.0016;0.0016;0.0016;0.0016;0.0016;0.0016;0.0016;0.0016;0.0016;0.0016;0.0016;0.0016;0.0016;0.0016;0.0016;0.0016;0.0016;0.0016;0.0016;0.0016;0.0016;0.0016;0.0016;0.0016;0.0016;0.0016;0.0016;0.0016;0.0016;0.0016
68;0.0016;0.0016;0.0016;0.0016;0.0016;0.0016;0.0016;0.0016;0.0016;0.0016;0.0016;0.0016;0.0016;0.0016;0.0016;0.0016;0.0016;0.0016;0.0016;0.0016;0.0016;0.0016;0.0016;0.0016;0.0016;0.0016;0.0016;0.0016;0.0016;0.0016;0.0016;0.0016;0.0016;0.0016;0.0016;0.0016;0.0016;0.0016
69;0.002;0.002;0.002;0.002;0.002;0.002;0.002;0.002;0.002;0.002;0.002;0.002;0.002;0.002;0.002;0.002;0.002;0.002;0.002;0.002;0.002;0.002;0.002;0.002;0.002;0.002;0.002;0.002;0.002;0.002;0.002;0.002;0.002;0.002;0.002;0.002;0.002;0.002
70;0.002;0.002;0.002;0.002;0.002;0.002;0.002;0.002;0.002;0.002;0.002;0.002;0.002;0.002;0.002;0.002;0.002;0.002;0.002;0.002;0.002;0.002;0.002;0.002;0.002;0.002;0.002;0.002;0.002;0.002;0.002;0.002;0.002;0.002;0.002;0.002;0.002;0.002
71;0.002;0.002;0.002;0.002;0.002;0.002;0.002;0.002;0.002;0.002;0.002;0.002;0.002;0.002;0.002;0.002;0.002;0.002;0.002;0.002;0.002;0.002;0.002;0.002;0.002;0.002;0.002;0.002;0.002;0.002;0.002;0.002;0.002;0.002;0.002;0.002;0.002;0.002
72;0.002;0.002;0.002;0.002;0.002;0.002;0.002;0.002;0.002;0.002;0.002;0.002;0.002;0.002;0.002;0.002;0.002;0.002;0.002;0.002;0.002;0.002;0.002;0.002;0.002;0.002;0.002;0.002;0.002;0.002;0.002;0.002;0.002;0.002;0.002;0.002;0.002;0.002
73;0.002;0.002;0.002;0.002;0.002;0.002;0.002;0.002;0.002;0.002;0.002;0.002;0.002;0.002;0.002;0.002;0.002;0.002;0.002;0.002;0.002;0.002;0.002;0.002;0.002;0.002;0.002;0.002;0.002;0.002;0.002;0.002;0.002;0.002;0.002;0.002;0.002;0.002
74;0.002;0.002;0.002;0.002;0.002;0.002;0.002;0.002;0.002;0.002;0.002;0.002;0.002;0.002;0.002;0.002;0.002;0.002;0.002;0.002;0.002;0.002;0.002;0.002;0.002;0.002;0.002;0.002;0.002;0.002;0.002;0.002;0.002;0.002;0.002;0.002;0.002;0.002
75;0.0022;0.0022;0.0022;0.0022;0.0022;0.0022;0.0022;0.0022;0.0022;0.0022;0.0022;0.0022;0.0022;0.0022;0.0022;0.0022;0.0022;0.0022;0.0022;0.0022;0.0022;0.0022;0.0022;0.0022;0.0022;0.0022;0.0022;0.0022;0.0022;0.0022;0.0022;0.0022;0.0022;0.0022;0.0022;0.0022;0.0022;0.0022
76;0.0022;0.0022;0.0022;0.0022;0.0022;0.0022;0.0022;0.0022;0.0022;0.0022;0.0022;0.0022;0.0022;0.0022;0.0022;0.0022;0.0022;0.0022;0.0022;0.0022;0.0022;0.0022;0.0022;0.0022;0.0022;0.0022;0.0022;0.0022;0.0022;0.0022;0.0022;0.0022;0.0022;0.0022;0.0022;0.0022;0.0022;0.0022
77;0.0022;0.0022;0.0022;0.0022;0.0022;0.0022;0.0022;0.0022;0.0022;0.0022;0.0022;0.0022;0.0022;0.0022;0.0022;0.0022;0.0022;0.0022;0.0022;0.0022;0.0022;0.0022;0.0022;0.0022;0.0022;0.0022;0.0022;0.0022;0.0022;0.0022;0.0022;0.0022;0.0022;0.0022;0.0022;0.0022;0.0022;0.0022
78;0.0022;0.0022;0.0022;0.0022;0.0022;0.0022;0.0022;0.0022;0.0022;0.0022;0.0022;0.0022;0.0022;0.0022;0.0022;0.0022;0.0022;0.0022;0.0022;0.0022;0.0022;0.0022;0.0022;0.0022;0.0022;0.0022;0.0022;0.0022;0.0022;0.0022;0.0022;0.0022;0.0022;0.0022;0.0022;0.0022;0.0022;0.0022
79;0.0022;0.0022;0.0022;0.0022;0.0022;0.0022;0.0022;0.0022;0.0022;0.0022;0.0022;0.0022;0.0022;0.0022;0.0022;0.0022;0.0022;0.0022;0.0022;0.0022;0.0022;0.0022;0.0022;0.0022;0.0022;0.0022;0.0022;0.0022;0.0022;0.0022;0.0022;0.0022;0.0022;0.0022;0.0022;0.0022;0.0022;0.0022
80;0.0022;0.0022;0.0022;0.0022;0.0022;0.0022;0.0022;0.0022;0.0022;0.0022;0.0022;0.0022;0.0022;0.0022;0.0022;0.0022;0.0022;0.0022;0.0022;0.0022;0.0022;0.0022;0.0022;0.0022;0.0022;0.0022;0.0022;0.0022;0.0022;0.0022;0.0022;0.0022;0.0022;0.0022;0.0022;0.0022;0.0022;0.0022
81;0.002;0.002;0.002;0.002;0.002;0.002;0.002;0.002;0.002;0.002;0.002;0.002;0.002;0.002;0.002;0.002;0.002;0.002;0.002;0.002;0.002;0.002;0.002;0.002;0.002;0.002;0.002;0.002;0.002;0.002;0.002;0.002;0.002;0.002;0.002;0.002;0.002;0.002
82;0.002;0.002;0.002;0.002;0.002;0.002;0.002;0.002;0.002;0.002;0.002;0.002;0.002;0.002;0.002;0.002;0.002;0.002;0.002;0.002;0.002;0.002;0.002;0.002;0.002;0.002;0.002;0.002;0.002;0.002;0.002;0.002;0.002;0.002;0.002;0.002;0.002;0.002
83;0.002;0.002;0.002;0.002;0.002;0.002;0.002;0.002;0.002;0.002;0.002;0.002;0.002;0.002;0.002;0.002;0.002;0.002;0.002;0.002;0.002;0.002;0.002;0.002;0.002;0.002;0.002;0.002;0.002;0.002;0.002;0.002;0.002;0.002;0.002;0.002;0.002;0.002
84;0.002;0.002;0.002;0.002;0.002;0.002;0.002;0.002;0.002;0.002;0.002;0.002;0.002;0.002;0.002;0.002;0.002;0.002;0.002;0.002;0.002;0.002;0.002;0.002;0.002;0.002;0.002;0.002;0.002;0.002;0.002;0.002;0.002;0.002;0.002;0.002;0.002;0.002
85;0.002;0.002;0.002;0.002;0.002;0.002;0.002;0.002;0.002;0.002;0.002;0.002;0.002;0.002;0.002;0.002;0.002;0.002;0.002;0.002;0.002;0.002;0.002;0.002;0.002;0.002;0.002;0.002;0.002;0.002;0.002;0.002;0.002;0.002;0.002;0.002;0.002;0.002
86;0.002;0.002;0.002;0.002;0.002;0.002;0.002;0.002;0.002;0.002;0.002;0.002;0.002;0.002;0.002;0.002;0.002;0.002;0.002;0.002;0.002;0.002;0.002;0.002;0.002;0.002;0.002;0.002;0.002;0.002;0.002;0.002;0.002;0.002;0.002;0.002;0.002;0.002
87;0.0018000000000000002;0.0018000000000000002;0.0018000000000000002;0.0018000000000000002;0.0018000000000000002;0.0018000000000000002;0.0018000000000000002;0.0018000000000000002;0.0018000000000000002;0.0018000000000000002;0.0018000000000000002;0.0018000000000000002;0.0018000000000000002;0.0018000000000000002;0.0018000000000000002;0.0018000000000000002;0.0018000000000000002;0.0018000000000000002;0.0018000000000000002;0.0018000000000000002;0.0018000000000000002;0.0018000000000000002;0.0018000000000000002;0.0018000000000000002;0.0018000000000000002;0.0018000000000000002;0.0018000000000000002;0.0018000000000000002;0.0018000000000000002;0.0018000000000000002;0.0018000000000000002;0.0018000000000000002;0.0018000000000000002;0.0018000000000000002;0.0018000000000000002;0.0018000000000000002;0.0018000000000000002;0.0018000000000000002
88;0.0018000000000000002;0.0018000000000000002;0.0018000000000000002;0.0018000000000000002;0.0018000000000000002;0.0018000000000000002;0.0018000000000000002;0.0018000000000000002;0.0018000000000000002;0.0018000000000000002;0.0018000000000000002;0.0018000000000000002;0.0018000000000000002;0.0018000000000000002;0.0018000000000000002;0.0018000000000000002;0.0018000000000000002;0.0018000000000000002;0.0018000000000000002;0.0018000000000000002;0.0018000000000000002;0.0018000000000000002;0.0018000000000000002;0.0018000000000000002;0.0018000000000000002;0.0018000000000000002;0.0018000000000000002;0.0018000000000000002;0.0018000000000000002;0.0018000000000000002;0.0018000000000000002;0.0018000000000000002;0.0018000000000000002;0.0018000000000000002;0.0018000000000000002;0.0018000000000000002;0.0018000000000000002;0.0018000000000000002
89;0.0018000000000000002;0.0018000000000000002;0.0018000000000000002;0.0018000000000000002;0.0018000000000000002;0.0018000000000000002;0.0018000000000000002;0.0018000000000000002;0.0018000000000000002;0.0018000000000000002;0.0018000000000000002;0.0018000000000000002;0.0018000000000000002;0.0018000000000000002;0.0018000000000000002;0.0018000000000000002;0.0018000000000000002;0.0018000000000000002;0.0018000000000000002;0.0018000000000000002;0.0018000000000000002;0.0018000000000000002;0.0018000000000000002;0.0018000000000000002;0.0018000000000000002;0.0018000000000000002;0.0018000000000000002;0.0018000000000000002;0.0018000000000000002;0.0018000000000000002;0.0018000000000000002;0.0018000000000000002;0.0018000000000000002;0.0018000000000000002;0.0018000000000000002;0.0018000000000000002;0.0018000000000000002;0.0018000000000000002
90;0.0018000000000000002;0.0018000000000000002;0.0018000000000000002;0.0018000000000000002;0.0018000000000000002;0.0018000000000000002;0.0018000000000000002;0.0018000000000000002;0.0018000000000000002;0.0018000000000000002;0.0018000000000000002;0.0018000000000000002;0.0018000000000000002;0.0018000000000000002;0.0018000000000000002;0.0018000000000000002;0.0018000000000000002;0.0018000000000000002;0.0018000000000000002;0.0018000000000000002;0.0018000000000000002;0.0018000000000000002;0.0018000000000000002;0.0018000000000000002;0.0018000000000000002;0.0018000000000000002;0.0018000000000000002;0.0018000000000000002;0.0018000000000000002;0.0018000000000000002;0.0018000000000000002;0.0018000000000000002;0.0018000000000000002;0.0018000000000000002;0.0018000000000000002;0.0018000000000000002;0.0018000000000000002;0.0018000000000000002
91;0.0018000000000000002;0.0018000000000000002;0.0018000000000000002;0.0018000000000000002;0.0018000000000000002;0.0018000000000000002;0.0018000000000000002;0.0018000000000000002;0.0018000000000000002;0.0018000000000000002;0.0018000000000000002;0.0018000000000000002;0.0018000000000000002;0.0018000000000000002;0.0018000000000000002;0.0018000000000000002;0.0018000000000000002;0.0018000000000000002;0.0018000000000000002;0.0018000000000000002;0.0018000000000000002;0.0018000000000000002;0.0018000000000000002;0.0018000000000000002;0.0018000000000000002;0.0018000000000000002;0.0018000000000000002;0.0018000000000000002;0.0018000000000000002;0.0018000000000000002;0.0018000000000000002;0.0018000000000000002;0.0018000000000000002;0.0018000000000000002;0.0018000000000000002;0.0018000000000000002;0.0018000000000000002;0.0018000000000000002
92;0.0018000000000000002;0.0018000000000000002;0.0018000000000000002;0.0018000000000000002;0.0018000000000000002;0.0018000000000000002;0.0018000000000000002;0.0018000000000000002;0.0018000000000000002;0.0018000000000000002;0.0018000000000000002;0.0018000000000000002;0.0018000000000000002;0.0018000000000000002;0.0018000000000000002;0.0018000000000000002;0.0018000000000000002;0.0018000000000000002;0.0018000000000000002;0.0018000000000000002;0.0018000000000000002;0.0018000000000000002;0.0018000000000000002;0.0018000000000000002;0.0018000000000000002;0.0018000000000000002;0.0018000000000000002;0.0018000000000000002;0.0018000000000000002;0.0018000000000000002;0.0018000000000000002;0.0018000000000000002;0.0018000000000000002;0.0018000000000000002;0.0018000000000000002;0.0018000000000000002;0.0018000000000000002;0.0018000000000000002
93;0.0014;0.0014;0.0014;0.0014;0.0014;0.0014;0.0014;0.0014;0.0014;0.0014;0.0014;0.0014;0.0014;0.0014;0.0014;0.0014;0.0014;0.0014;0.0014;0.0014;0.0014;0.0014;0.0014;0.0014;0.0014;0.0014;0.0014;0.0014;0.0014;0.0014;0.0014;0.0014;0.0014;0.0014;0.0014;0.0014;0.0014;0.0014
94;0.0014;0.0014;0.0014;0.0014;0.0014;0.0014;0.0014;0.0014;0.0014;0.0014;0.0014;0.0014;0.0014;0.0014;0.0014;0.0014;0.0014;0.0014;0.0014;0.0014;0.0014;0.0014;0.0014;0.0014;0.0014;0.0014;0.0014;0.0014;0.0014;0.0014;0.0014;0.0014;0.0014;0.0014;0.0014;0.0014;0.0014;0.0014
95;0.0014;0.0014;0.0014;0.0014;0.0014;0.0014;0.0014;0.0014;0.0014;0.0014;0.0014;0.0014;0.0014;0.0014;0.0014;0.0014;0.0014;0.0014;0.0014;0.0014;0.0014;0.0014;0.0014;0.0014;0.0014;0.0014;0.0014;0.0014;0.0014;0.0014;0.0014;0.0014;0.0014;0.0014;0.0014;0.0014;0.0014;0.0014
96;0.0014;0.0014;0.0014;0.0014;0.0014;0.0014;0.0014;0.0014;0.0014;0.0014;0.0014;0.0014;0.0014;0.0014;0.0014;0.0014;0.0014;0.0014;0.0014;0.0014;0.0014;0.0014;0.0014;0.0014;0.0014;0.0014;0.0014;0.0014;0.0014;0.0014;0.0014;0.0014;0.0014;0.0014;0.0014;0.0014;0.0014;0.0014
97;0.0014;0.0014;0.0014;0.0014;0.0014;0.0014;0.0014;0.0014;0.0014;0.0014;0.0014;0.0014;0.0014;0.0014;0.0014;0.0014;0.0014;0.0014;0.0014;0.0014;0.0014;0.0014;0.0014;0.0014;0.0014;0.0014;0.0014;0.0014;0.0014;0.0014;0.0014;0.0014;0.0014;0.0014;0.0014;0.0014;0.0014;0.0014
98;0.0014;0.0014;0.0014;0.0014;0.0014;0.0014;0.0014;0.0014;0.0014;0.0014;0.0014;0.0014;0.0014;0.0014;0.0014;0.0014;0.0014;0.0014;0.0014;0.0014;0.0014;0.0014;0.0014;0.0014;0.0014;0.0014;0.0014;0.0014;0.0014;0.0014;0.0014;0.0014;0.0014;0.0014;0.0014;0.0014;0.0014;0.0014
99;0.001;0.001;0.001;0.001;0.001;0.001;0.001;0.001;0.001;0.001;0.001;0.001;0.001;0.001;0.001;0.001;0.001;0.001;0.001;0.001;0.001;0.001;0.001;0.001;0.001;0.001;0.001;0.001;0.001;0.001;0.001;0.001;0.001;0.001;0.001;0.001;0.001;0.001
100;0.001;0.001;0.001;0.001;0.001;0.001;0.001;0.001;0.001;0.001;0.001;0.001;0.001;0.001;0.001;0.001;0.001;0.001;0.001;0.001;0.001;0.001;0.001;0.001;0.001;0.001;0.001;0.001;0.001;0.001;0.001;0.001;0.001;0.001;0.001;0.001;0.001;0.001
101;0.001;0.001;0.001;0.001;0.001;0.001;0.001;0.001;0.001;0.001;0.001;0.001;0.001;0.001;0.001;0.001;0.001;0.001;0.001;0.001;0.001;0.001;0.001;0.001;0.001;0.001;0.001;0.001;0.001;0.001;0.001;0.001;0.001;0.001;0.001;0.001;0.001;0.001
102;0.001;0.001;0.001;0.001;0.001;0.001;0.001;0.001;0.001;0.001;0.001;0.001;0.001;0.001;0.001;0.001;0.001;0.001;0.001;0.001;0.001;0.001;0.001;0.001;0.001;0.001;0.001;0.001;0.001;0.001;0.001;0.001;0.001;0.001;0.001;0.001;0.001;0.001
103;0.001;0.001;0.001;0.001;0.001;0.001;0.001;0.001;0.001;0.001;0.001;0.001;0.001;0.001;0.001;0.001;0.001;0.001;0.001;0.001;0.001;0.001;0.001;0.001;0.001;0.001;0.001;0.001;0.001;0.001;0.001;0.001;0.001;0.001;0.001;0.001;0.001;0.001
104;0.001;0.001;0.001;0.001;0.001;0.001;0.001;0.001;0.001;0.001;0.001;0.001;0.001;0.001;0.001;0.001;0.001;0.001;0.001;0.001;0.001;0.001;0.001;0.001;0.001;0.001;0.001;0.001;0.001;0.001;0.001;0.001;0.001;0.001;0.001;0.001;0.001;0.001
105;0.0004;0.0004;0.0004;0.0004;0.0004;0.0004;0.0004;0.0004;0.0004;0.0004;0.0004;0.0004;0.0004;0.0004;0.0004;0.0004;0.0004;0.0004;0.0004;0.0004;0.0004;0.0004;0.0004;0.0004;0.0004;0.0004;0.0004;0.0004;0.0004;0.0004;0.0004;0.0004;0.0004;0.0004;0.0004;0.0004;0.0004;0.0004
106;0.0004;0.0004;0.0004;0.0004;0.0004;0.0004;0.0004;0.0004;0.0004;0.0004;0.0004;0.0004;0.0004;0.0004;0.0004;0.0004;0.0004;0.0004;0.0004;0.0004;0.0004;0.0004;0.0004;0.0004;0.0004;0.0004;0.0004;0.0004;0.0004;0.0004;0.0004;0.0004;0.0004;0.0004;0.0004;0.0004;0.0004;0.0004
107;0.0004;0.0004;0.0004;0.0004;0.0004;0.0004;0.0004;0.0004;0.0004;0.0004;0.0004;0.0004;0.0004;0.0004;0.0004;0.0004;0.0004;0.0004;0.0004;0.0004;0.0004;0.0004;0.0004;0.0004;0.0004;0.0004;0.0004;0.0004;0.0004;0.0004;0.0004;0.0004;0.0004;0.0004;0.0004;0.0004;0.0004;0.0004
108;0.0004;0.0004;0.0004;0.0004;0.0004;0.0004;0.0004;0.0004;0.0004;0.0004;0.0004;0.0004;0.0004;0.0004;0.0004;0.0004;0.0004;0.0004;0.0004;0.0004;0.0004;0.0004;0.0004;0.0004;0.0004;0.0004;0.0004;0.0004;0.0004;0.0004;0.0004;0.0004;0.0004;0.0004;0.0004;0.0004;0.0004;0.0004
109;0.0004;0.0004;0.0004;0.0004;0.0004;0.0004;0.0004;0.0004;0.0004;0.0004;0.0004;0.0004;0.0004;0.0004;0.0004;0.0004;0.0004;0.0004;0.0004;0.0004;0.0004;0.0004;0.0004;0.0004;0.0004;0.0004;0.0004;0.0004;0.0004;0.0004;0.0004;0.0004;0.0004;0.0004;0.0004;0.0004;0.0004;0.0004
110;0.0004;0.0004;0.0004;0.0004;0.0004;0.0004;0.0004;0.0004;0.0004;0.0004;0.0004;0.0004;0.0004;0.0004;0.0004;0.0004;0.0004;0.0004;0.0004;0.0004;0.0004;0.0004;0.0004;0.0004;0.0004;0.0004;0.0004;0.0004;0.0004;0.0004;0.0004;0.0004;0.0004;0.0004;0.0004;0.0004;0.0004;0.0004
111;0.0001;0.0001;0.0001;0.0001;0.0001;0.0001;0.0001;0.0001;0.0001;0.0001;0.0001;0.0001;0.0001;0.0001;0.0001;0.0001;0.0001;0.0001;0.0001;0.0001;0.0001;0.0001;0.0001;0.0001;0.0001;0.0001;0.0001;0.0001;0.0001;0.0001;0.0001;0.0001;0.0001;0.0001;0.0001;0.0001;0.0001;0.0001
112;0.0001;0.0001;0.0001;0.0001;0.0001;0.0001;0.0001;0.0001;0.0001;0.0001;0.0001;0.0001;0.0001;0.0001;0.0001;0.0001;0.0001;0.0001;0.0001;0.0001;0.0001;0.0001;0.0001;0.0001;0.0001;0.0001;0.0001;0.0001;0.0001;0.0001;0.0001;0.0001;0.0001;0.0001;0.0001;0.0001;0.0001;0.0001
113;0.0001;0.0001;0.0001;0.0001;0.0001;0.0001;0.0001;0.0001;0.0001;0.0001;0.0001;0.0001;0.0001;0.0001;0.0001;0.0001;0.0001;0.0001;0.0001;0.0001;0.0001;0.0001;0.0001;0.0001;0.0001;0.0001;0.0001;0.0001;0.0001;0.0001;0.0001;0.0001;0.0001;0.0001;0.0001;0.0001;0.0001;0.0001
114;0.0001;0.0001;0.0001;0.0001;0.0001;0.0001;0.0001;0.0001;0.0001;0.0001;0.0001;0.0001;0.0001;0.0001;0.0001;0.0001;0.0001;0.0001;0.0001;0.0001;0.0001;0.0001;0.0001;0.0001;0.0001;0.0001;0.0001;0.0001;0.0001;0.0001;0.0001;0.0001;0.0001;0.0001;0.0001;0.0001;0.0001;0.0001
115;0.0001;0.0001;0.0001;0.0001;0.0001;0.0001;0.0001;0.0001;0.0001;0.0001;0.0001;0.0001;0.0001;0.0001;0.0001;0.0001;0.0001;0.0001;0.0001;0.0001;0.0001;0.0001;0.0001;0.0001;0.0001;0.0001;0.0001;0.0001;0.0001;0.0001;0.0001;0.0001;0.0001;0.0001;0.0001;0.0001;0.0001;0.0001
116;0.0001;0.0001;0.0001;0.0001;0.0001;0.0001;0.0001;0.0001;0.0001;0.0001;0.0001;0.0001;0.0001;0.0001;0.0001;0.0001;0.0001;0.0001;0.0001;0.0001;0.0001;0.0001;0.0001;0.0001;0.0001;0.0001;0.0001;0.0001;0.0001;0.0001;0.0001;0.0001;0.0001;0.0001;0.0001;0.0001;0.0001;0.0001
117;0.0;0.0;0.0;0.0;0.0;0.0;0.0;0.0;0.0;0.0;0.0;0.0;0.0;0.0;0.0;0.0;0.0;0.0;0.0;0.0;0.0;0.0;0.0;0.0;0.0;0.0;0.0;0.0;0.0;0.0;0.0;0.0;0.0;0.0;0.0;0.0;0.0;0.0
118;0.0;0.0;0.0;0.0;0.0;0.0;0.0;0.0;0.0;0.0;0.0;0.0;0.0;0.0;0.0;0.0;0.0;0.0;0.0;0.0;0.0;0.0;0.0;0.0;0.0;0.0;0.0;0.0;0.0;0.0;0.0;0.0;0.0;0.0;0.0;0.0;0.0;0.0
119;0.0;0.0;0.0;0.0;0.0;0.0;0.0;0.0;0.0;0.0;0.0;0.0;0.0;0.0;0.0;0.0;0.0;0.0;0.0;0.0;0.0;0.0;0.0;0.0;0.0;0.0;0.0;0.0;0.0;0.0;0.0;0.0;0.0;0.0;0.0;0.0;0.0;0.0
120;0.0;0.0;0.0;0.0;0.0;0.0;0.0;0.0;0.0;0.0;0.0;0.0;0.0;0.0;0.0;0.0;0.0;0.0;0.0;0.0;0.0;0.0;0.0;0.0;0.0;0.0;0.0;0.0;0.0;0.0;0.0;0.0;0.0;0.0;0.0;0.0;0.0;0.0
121;0.0;0.0;0.0;0.0;0.0;0.0;0.0;0.0;0.0;0.0;0.0;0.0;0.0;0.0;0.0;0.0;0.0;0.0;0.0;0.0;0.0;0.0;0.0;0.0;0.0;0.0;0.0;0.0;0.0;0.0;0.0;0.0;0.0;0.0;0.0;0.0;0.0;0.0
122;0.0;0.0;0.0;0.0;0.0;0.0;0.0;0.0;0.0;0.0;0.0;0.0;0.0;0.0;0.0;0.0;0.0;0.0;0.0;0.0;0.0;0.0;0.0;0.0;0.0;0.0;0.0;0.0;0.0;0.0;0.0;0.0;0.0;0.0;0.0;0.0;0.0;0.0
123;0.0;0.0;0.0;0.0;0.0;0.0;0.0;0.0;0.0;0.0;0.0;0.0;0.0;0.0;0.0;0.0;0.0;0.0;0.0;0.0;0.0;0.0;0.0;0.0;0.0;0.0;0.0;0.0;0.0;0.0;0.0;0.0;0.0;0.0;0.0;0.0;0.0;0.0
124;0.0;0.0;0.0;0.0;0.0;0.0;0.0;0.0;0.0;0.0;0.0;0.0;0.0;0.0;0.0;0.0;0.0;0.0;0.0;0.0;0.0;0.0;0.0;0.0;0.0;0.0;0.0;0.0;0.0;0.0;0.0;0.0;0.0;0.0;0.0;0.0;0.0;0.0
125;0.0;0.0;0.0;0.0;0.0;0.0;0.0;0.0;0.0;0.0;0.0;0.0;0.0;0.0;0.0;0.0;0.0;0.0;0.0;0.0;0.0;0.0;0.0;0.0;0.0;0.0;0.0;0.0;0.0;0.0;0.0;0.0;0.0;0.0;0.0;0.0;0.0;0.0
126;0.0;0.0;0.0;0.0;0.0;0.0;0.0;0.0;0.0;0.0;0.0;0.0;0.0;0.0;0.0;0.0;0.0;0.0;0.0;0.0;0.0;0.0;0.0;0.0;0.0;0.0;0.0;0.0;0.0;0.0;0.0;0.0;0.0;0.0;0.0;0.0;0.0;0.0
127;0.0;0.0;0.0;0.0;0.0;0.0;0.0;0.0;0.0;0.0;0.0;0.0;0.0;0.0;0.0;0.0;0.0;0.0;0.0;0.0;0.0;0.0;0.0;0.0;0.0;0.0;0.0;0.0;0.0;0.0;0.0;0.0;0.0;0.0;0.0;0.0;0.0;0.0
128;0.0;0.0;0.0;0.0;0.0;0.0;0.0;0.0;0.0;0.0;0.0;0.0;0.0;0.0;0.0;0.0;0.0;0.0;0.0;0.0;0.0;0.0;0.0;0.0;0.0;0.0;0.0;0.0;0.0;0.0;0.0;0.0;0.0;0.0;0.0;0.0;0.0;0.0
129;0.0;0.0;0.0;0.0;0.0;0.0;0.0;0.0;0.0;0.0;0.0;0.0;0.0;0.0;0.0;0.0;0.0;0.0;0.0;0.0;0.0;0.0;0.0;0.0;0.0;0.0;0.0;0.0;0.0;0.0;0.0;0.0;0.0;0.0;0.0;0.0;0.0;0.0
130;0.0;0.0;0.0;0.0;0.0;0.0;0.0;0.0;0.0;0.0;0.0;0.0;0.0;0.0;0.0;0.0;0.0;0.0;0.0;0.0;0.0;0.0;0.0;0.0;0.0;0.0;0.0;0.0;0.0;0.0;0.0;0.0;0.0;0.0;0.0;0.0;0.0;0.0
131;0.0;0.0;0.0;0.0;0.0;0.0;0.0;0.0;0.0;0.0;0.0;0.0;0.0;0.0;0.0;0.0;0.0;0.0;0.0;0.0;0.0;0.0;0.0;0.0;0.0;0.0;0.0;0.0;0.0;0.0;0.0;0.0;0.0;0.0;0.0;0.0;0.0;0.0
132;0.0;0.0;0.0;0.0;0.0;0.0;0.0;0.0;0.0;0.0;0.0;0.0;0.0;0.0;0.0;0.0;0.0;0.0;0.0;0.0;0.0;0.0;0.0;0.0;0.0;0.0;0.0;0.0;0.0;0.0;0.0;0.0;0.0;0.0;0.0;0.0;0.0;0.0
133;0.0;0.0;0.0;0.0;0.0;0.0;0.0;0.0;0.0;0.0;0.0;0.0;0.0;0.0;0.0;0.0;0.0;0.0;0.0;0.0;0.0;0.0;0.0;0.0;0.0;0.0;0.0;0.0;0.0;0.0;0.0;0.0;0.0;0.0;0.0;0.0;0.0;0.0
134;0.0;0.0;0.0;0.0;0.0;0.0;0.0;0.0;0.0;0.0;0.0;0.0;0.0;0.0;0.0;0.0;0.0;0.0;0.0;0.0;0.0;0.0;0.0;0.0;0.0;0.0;0.0;0.0;0.0;0.0;0.0;0.0;0.0;0.0;0.0;0.0;0.0;0.0
135;0.0;0.0;0.0;0.0;0.0;0.0;0.0;0.0;0.0;0.0;0.0;0.0;0.0;0.0;0.0;0.0;0.0;0.0;0.0;0.0;0.0;0.0;0.0;0.0;0.0;0.0;0.0;0.0;0.0;0.0;0.0;0.0;0.0;0.0;0.0;0.0;0.0;0.0
136;0.0;0.0;0.0;0.0;0.0;0.0;0.0;0.0;0.0;0.0;0.0;0.0;0.0;0.0;0.0;0.0;0.0;0.0;0.0;0.0;0.0;0.0;0.0;0.0;0.0;0.0;0.0;0.0;0.0;0.0;0.0;0.0;0.0;0.0;0.0;0.0;0.0;0.0
137;0.0;0.0;0.0;0.0;0.0;0.0;0.0;0.0;0.0;0.0;0.0;0.0;0.0;0.0;0.0;0.0;0.0;0.0;0.0;0.0;0.0;0.0;0.0;0.0;0.0;0.0;0.0;0.0;0.0;0.0;0.0;0.0;0.0;0.0;0.0;0.0;0.0;0.0
138;0.0;0.0;0.0;0.0;0.0;0.0;0.0;0.0;0.0;0.0;0.0;0.0;0.0;0.0;0.0;0.0;0.0;0.0;0.0;0.0;0.0;0.0;0.0;0.0;0.0;0.0;0.0;0.0;0.0;0.0;0.0;0.0;0.0;0.0;0.0;0.0;0.0;0.0
139;0.0;0.0;0.0;0.0;0.0;0.0;0.0;0.0;0.0;0.0;0.0;0.0;0.0;0.0;0.0;0.0;0.0;0.0;0.0;0.0;0.0;0.0;0.0;0.0;0.0;0.0;0.0;0.0;0.0;0.0;0.0;0.0;0.0;0.0;0.0;0.0;0.0;0.0
140;0.0;0.0;0.0;0.0;0.0;0.0;0.0;0.0;0.0;0.0;0.0;0.0;0.0;0.0;0.0;0.0;0.0;0.0;0.0;0.0;0.0;0.0;0.0;0.0;0.0;0.0;0.0;0.0;0.0;0.0;0.0;0.0;0.0;0.0;0.0;0.0;0.0;0.0
141;0.0;0.0;0.0;0.0;0.0;0.0;0.0;0.0;0.0;0.0;0.0;0.0;0.0;0.0;0.0;0.0;0.0;0.0;0.0;0.0;0.0;0.0;0.0;0.0;0.0;0.0;0.0;0.0;0.0;0.0;0.0;0.0;0.0;0.0;0.0;0.0;0.0;0.0
142;0.0;0.0;0.0;0.0;0.0;0.0;0.0;0.0;0.0;0.0;0.0;0.0;0.0;0.0;0.0;0.0;0.0;0.0;0.0;0.0;0.0;0.0;0.0;0.0;0.0;0.0;0.0;0.0;0.0;0.0;0.0;0.0;0.0;0.0;0.0;0.0;0.0;0.0
143;0.0;0.0;0.0;0.0;0.0;0.0;0.0;0.0;0.0;0.0;0.0;0.0;0.0;0.0;0.0;0.0;0.0;0.0;0.0;0.0;0.0;0.0;0.0;0.0;0.0;0.0;0.0;0.0;0.0;0.0;0.0;0.0;0.0;0.0;0.0;0.0;0.0;0.0
