;0;1;2;3;4;5;6;7;8;9;10;11;12;13;14;15;16;17;18;19;20;21
0;-0.000408;-0.000408;-0.00041700000000000005;-0.000408;-0.000408;-0.000408;-0.000408;-0.000408;-0.000408;-0.000408;-0.000408;-0.000408;-0.000408;-0.000408;-0.000408;-0.000408;-0.000408;-0.000408;-0.000408;-0.000408;-0.000408;-0.000408
1;-0.000338;-0.000338;-0.000345;-0.000338;-0.000338;-0.000338;-0.000338;-0.000338;-0.000338;-0.000338;-0.000338;-0.000338;-0.000338;-0.000338;-0.000338;-0.000338;-0.000338;-0.000338;-0.000338;-0.000338;-0.000338;-0.000338
2;-0.00034700000000000003;-0.00034700000000000003;-0.000354;-0.00034700000000000003;-0.00034700000000000003;-0.00034700000000000003;-0.00034700000000000003;-0.00034700000000000003;-0.00034700000000000003;-0.00034700000000000003;-0.00034700000000000003;-0.00034700000000000003;-0.00034700000000000003;-0.00034700000000000003;-0.00034700000000000003;-0.00034700000000000003;-0.00034700000000000003;-0.00034700000000000003;-0.00034700000000000003;-0.00034700000000000003;-0.00034700000000000003;-0.00034700000000000003
3;-0.000402;-0.000402;-0.00041200000000000004;-0.000402;-0.000402;-0.000402;-0.000402;-0.000402;-0.000402;-0.000402;-0.000402;-0.000402;-0.000402;-0.000402;-0.000402;-0.000402;-0.000402;-0.000402;-0.000402;-0.000402;-0.000402;-0.000402
4;-0.000413;-0.000413;-0.000423;-0.000413;-0.000413;-0.000413;-0.000413;-0.000413;-0.000413;-0.000413;-0.000413;-0.000413;-0.000413;-0.000413;-0.000413;-0.000413;-0.000413;-0.000413;-0.000413;-0.000413;-0.000413;-0.000413
5;-0.00039799999999999997;-0.00039799999999999997;-0.000407;-0.00039799999999999997;-0.00039799999999999997;-0.00039799999999999997;-0.00039799999999999997;-0.00039799999999999997;-0.00039799999999999997;-0.00039799999999999997;-0.00039799999999999997;-0.00039799999999999997;-0.00039799999999999997;-0.00039799999999999997;-0.00039799999999999997;-0.00039799999999999997;-0.00039799999999999997;-0.00039799999999999997;-0.00039799999999999997;-0.00039799999999999997;-0.00039799999999999997;-0.00039799999999999997
6;-0.00035999999999999997;-0.00035999999999999997;-0.00036700000000000003;-0.00035999999999999997;-0.00035999999999999997;-0.00035999999999999997;-0.00035999999999999997;-0.00035999999999999997;-0.00035999999999999997;-0.00035999999999999997;-0.00035999999999999997;-0.00035999999999999997;-0.00035999999999999997;-0.00035999999999999997;-0.00035999999999999997;-0.00035999999999999997;-0.00035999999999999997;-0.00035999999999999997;-0.00035999999999999997;-0.00035999999999999997;-0.00035999999999999997;-0.00035999999999999997
7;-0.00035;-0.00035;-0.00035700000000000006;-0.00035;-0.00035;-0.00035;-0.00035;-0.00035;-0.00035;-0.00035;-0.00035;-0.00035;-0.00035;-0.00035;-0.00035;-0.00035;-0.00035;-0.00035;-0.00035;-0.00035;-0.00035;-0.00035
8;-0.000403;-0.000403;-0.000413;-0.000403;-0.000403;-0.000403;-0.000403;-0.000403;-0.000403;-0.000403;-0.000403;-0.000403;-0.000403;-0.000403;-0.000403;-0.000403;-0.000403;-0.000403;-0.000403;-0.000403;-0.000403;-0.000403
9;-0.00040500000000000003;-0.00040500000000000003;-0.000414;-0.00040500000000000003;-0.00040500000000000003;-0.00040500000000000003;-0.00040500000000000003;-0.00040500000000000003;-0.00040500000000000003;-0.00040500000000000003;-0.00040500000000000003;-0.00040500000000000003;-0.00040500000000000003;-0.00040500000000000003;-0.00040500000000000003;-0.00040500000000000003;-0.00040500000000000003;-0.00040500000000000003;-0.00040500000000000003;-0.00040500000000000003;-0.00040500000000000003;-0.00040500000000000003
10;-0.00037200000000000004;-0.00037200000000000004;-0.00038;-0.00037200000000000004;-0.00037200000000000004;-0.00037200000000000004;-0.00037200000000000004;-0.00037200000000000004;-0.00037200000000000004;-0.00037200000000000004;-0.00037200000000000004;-0.00037200000000000004;-0.00037200000000000004;-0.00037200000000000004;-0.00037200000000000004;-0.00037200000000000004;-0.00037200000000000004;-0.00037200000000000004;-0.00037200000000000004;-0.00037200000000000004;-0.00037200000000000004;-0.00037200000000000004
11;-0.000379;-0.000379;-0.00038799999999999994;-0.000379;-0.000379;-0.000379;-0.000379;-0.000379;-0.000379;-0.000379;-0.000379;-0.000379;-0.000379;-0.000379;-0.000379;-0.000379;-0.000379;-0.000379;-0.000379;-0.000379;-0.000379;-0.000379
12;-0.000355;-0.000355;-0.000363;-0.000355;-0.000355;-0.000355;-0.000355;-0.000355;-0.000355;-0.000355;-0.000355;-0.000355;-0.000355;-0.000355;-0.000355;-0.000355;-0.000355;-0.000355;-0.000355;-0.000355;-0.000355;-0.000355
13;-0.000342;-0.000342;-0.00034899999999999997;-0.000342;-0.000342;-0.000342;-0.000342;-0.000342;-0.000342;-0.000342;-0.000342;-0.000342;-0.000342;-0.000342;-0.000342;-0.000342;-0.000342;-0.000342;-0.000342;-0.000342;-0.000342;-0.000342
14;-0.000368;-0.000368;-0.00037600000000000003;-0.000368;-0.000368;-0.000368;-0.000368;-0.000368;-0.000368;-0.000368;-0.000368;-0.000368;-0.000368;-0.000368;-0.000368;-0.000368;-0.000368;-0.000368;-0.000368;-0.000368;-0.000368;-0.000368
15;-0.000381;-0.000381;-0.00039000000000000005;-0.000381;-0.000381;-0.000381;-0.000381;-0.000381;-0.000381;-0.000381;-0.000381;-0.000381;-0.000381;-0.000381;-0.000381;-0.000381;-0.000381;-0.000381;-0.000381;-0.000381;-0.000381;-0.000381
16;-0.000371;-0.000371;-0.000379;-0.000371;-0.000371;-0.000371;-0.000371;-0.000371;-0.000371;-0.000371;-0.000371;-0.000371;-0.000371;-0.000371;-0.000371;-0.000371;-0.000371;-0.000371;-0.000371;-0.000371;-0.000371;-0.000371
17;-0.000384;-0.000384;-0.00039299999999999996;-0.000384;-0.000384;-0.000384;-0.000384;-0.000384;-0.000384;-0.000384;-0.000384;-0.000384;-0.000384;-0.000384;-0.000384;-0.000384;-0.000384;-0.000384;-0.000384;-0.000384;-0.000384;-0.000384
18;-0.00043400000000000003;-0.00043400000000000003;-0.000446;-0.00043400000000000003;-0.00043400000000000003;-0.00043400000000000003;-0.00043400000000000003;-0.00043400000000000003;-0.00043400000000000003;-0.00043400000000000003;-0.00043400000000000003;-0.00043400000000000003;-0.00043400000000000003;-0.00043400000000000003;-0.00043400000000000003;-0.00043400000000000003;-0.00043400000000000003;-0.00043400000000000003;-0.00043400000000000003;-0.00043400000000000003;-0.00043400000000000003;-0.00043400000000000003
19;-0.00039700000000000005;-0.00039700000000000005;-0.000407;-0.00039700000000000005;-0.00039700000000000005;-0.00039700000000000005;-0.00039700000000000005;-0.00039700000000000005;-0.00039700000000000005;-0.00039700000000000005;-0.00039700000000000005;-0.00039700000000000005;-0.00039700000000000005;-0.00039700000000000005;-0.00039700000000000005;-0.00039700000000000005;-0.00039700000000000005;-0.00039700000000000005;-0.00039700000000000005;-0.00039700000000000005;-0.00039700000000000005;-0.00039700000000000005
20;-0.000369;-0.000369;-0.000377;-0.000369;-0.000369;-0.000369;-0.000369;-0.000369;-0.000369;-0.000369;-0.000369;-0.000369;-0.000369;-0.000369;-0.000369;-0.000369;-0.000369;-0.000369;-0.000369;-0.000369;-0.000369;-0.000369
21;-0.000366;-0.000366;-0.000374;-0.000366;-0.000366;-0.000366;-0.000366;-0.000366;-0.000366;-0.000366;-0.000366;-0.000366;-0.000366;-0.000366;-0.000366;-0.000366;-0.000366;-0.000366;-0.000366;-0.000366;-0.000366;-0.000366
22;-0.00036700000000000003;-0.00036700000000000003;-0.00037600000000000003;-0.00036700000000000003;-0.00036700000000000003;-0.00036700000000000003;-0.00036700000000000003;-0.00036700000000000003;-0.00036700000000000003;-0.00036700000000000003;-0.00036700000000000003;-0.00036700000000000003;-0.00036700000000000003;-0.00036700000000000003;-0.00036700000000000003;-0.00036700000000000003;-0.00036700000000000003;-0.00036700000000000003;-0.00036700000000000003;-0.00036700000000000003;-0.00036700000000000003;-0.00036700000000000003
23;-0.00034700000000000003;-0.00034700000000000003;-0.000355;-0.00034700000000000003;-0.00034700000000000003;-0.00034700000000000003;-0.00034700000000000003;-0.00034700000000000003;-0.00034700000000000003;-0.00034700000000000003;-0.00034700000000000003;-0.00034700000000000003;-0.00034700000000000003;-0.00034700000000000003;-0.00034700000000000003;-0.00034700000000000003;-0.00034700000000000003;-0.00034700000000000003;-0.00034700000000000003;-0.00034700000000000003;-0.00034700000000000003;-0.00034700000000000003
24;-0.00041200000000000004;-0.00041200000000000004;-0.000423;-0.00041200000000000004;-0.00041200000000000004;-0.00041200000000000004;-0.00041200000000000004;-0.00041200000000000004;-0.00041200000000000004;-0.00041200000000000004;-0.00041200000000000004;-0.00041200000000000004;-0.00041200000000000004;-0.00041200000000000004;-0.00041200000000000004;-0.00041200000000000004;-0.00041200000000000004;-0.00041200000000000004;-0.00041200000000000004;-0.00041200000000000004;-0.00041200000000000004;-0.00041200000000000004
25;-0.000442;-0.000442;-0.000456;-0.000442;-0.000442;-0.000442;-0.000442;-0.000442;-0.000442;-0.000442;-0.000442;-0.000442;-0.000442;-0.000442;-0.000442;-0.000442;-0.000442;-0.000442;-0.000442;-0.000442;-0.000442;-0.000442
26;-0.00038700000000000003;-0.00038700000000000003;-0.00039700000000000005;-0.00038700000000000003;-0.00038700000000000003;-0.00038700000000000003;-0.00038700000000000003;-0.00038700000000000003;-0.00038700000000000003;-0.00038700000000000003;-0.00038700000000000003;-0.00038700000000000003;-0.00038700000000000003;-0.00038700000000000003;-0.00038700000000000003;-0.00038700000000000003;-0.00038700000000000003;-0.00038700000000000003;-0.00038700000000000003;-0.00038700000000000003;-0.00038700000000000003;-0.00038700000000000003
27;-0.00037799999999999997;-0.00037799999999999997;-0.00038799999999999994;-0.00037799999999999997;-0.00037799999999999997;-0.00037799999999999997;-0.00037799999999999997;-0.00037799999999999997;-0.00037799999999999997;-0.00037799999999999997;-0.00037799999999999997;-0.00037799999999999997;-0.00037799999999999997;-0.00037799999999999997;-0.00037799999999999997;-0.00037799999999999997;-0.00037799999999999997;-0.00037799999999999997;-0.00037799999999999997;-0.00037799999999999997;-0.00037799999999999997;-0.00037799999999999997
28;-0.000371;-0.000371;-0.000381;-0.000371;-0.000371;-0.000371;-0.000371;-0.000371;-0.000371;-0.000371;-0.000371;-0.000371;-0.000371;-0.000371;-0.000371;-0.000371;-0.000371;-0.000371;-0.000371;-0.000371;-0.000371;-0.000371
29;-0.000354;-0.000354;-0.000364;-0.000354;-0.000354;-0.000354;-0.000354;-0.000354;-0.000354;-0.000354;-0.000354;-0.000354;-0.000354;-0.000354;-0.000354;-0.000354;-0.000354;-0.000354;-0.000354;-0.000354;-0.000354;-0.000354
30;-0.00035200000000000005;-0.00035200000000000005;-0.00036200000000000007;-0.00035200000000000005;-0.00035200000000000005;-0.00035200000000000005;-0.00035200000000000005;-0.00035200000000000005;-0.00035200000000000005;-0.00035200000000000005;-0.00035200000000000005;-0.00035200000000000005;-0.00035200000000000005;-0.00035200000000000005;-0.00035200000000000005;-0.00035200000000000005;-0.00035200000000000005;-0.00035200000000000005;-0.00035200000000000005;-0.00035200000000000005;-0.00035200000000000005;-0.00035200000000000005
31;-0.00036200000000000007;-0.00036200000000000007;-0.00037200000000000004;-0.00036200000000000007;-0.00036200000000000007;-0.00036200000000000007;-0.00036200000000000007;-0.00036200000000000007;-0.00036200000000000007;-0.00036200000000000007;-0.00036200000000000007;-0.00036200000000000007;-0.00036200000000000007;-0.00036200000000000007;-0.00036200000000000007;-0.00036200000000000007;-0.00036200000000000007;-0.00036200000000000007;-0.00036200000000000007;-0.00036200000000000007;-0.00036200000000000007;-0.00036200000000000007
32;-0.000377;-0.000377;-0.000389;-0.000377;-0.000377;-0.000377;-0.000377;-0.000377;-0.000377;-0.000377;-0.000377;-0.000377;-0.000377;-0.000377;-0.000377;-0.000377;-0.000377;-0.000377;-0.000377;-0.000377;-0.000377;-0.000377
33;-0.00039200000000000004;-0.00039200000000000004;-0.00040500000000000003;-0.00039200000000000004;-0.00039200000000000004;-0.00039200000000000004;-0.00039200000000000004;-0.00039200000000000004;-0.00039200000000000004;-0.00039200000000000004;-0.00039200000000000004;-0.00039200000000000004;-0.00039200000000000004;-0.00039200000000000004;-0.00039200000000000004;-0.00039200000000000004;-0.00039200000000000004;-0.00039200000000000004;-0.00039200000000000004;-0.00039200000000000004;-0.00039200000000000004;-0.00039200000000000004
34;-0.000408;-0.000408;-0.000423;-0.000408;-0.000408;-0.000408;-0.000408;-0.000408;-0.000408;-0.000408;-0.000408;-0.000408;-0.000408;-0.000408;-0.000408;-0.000408;-0.000408;-0.000408;-0.000408;-0.000408;-0.000408;-0.000408
35;-0.00039600000000000003;-0.00039600000000000003;-0.000411;-0.00039600000000000003;-0.00039600000000000003;-0.00039600000000000003;-0.00039600000000000003;-0.00039600000000000003;-0.00039600000000000003;-0.00039600000000000003;-0.00039600000000000003;-0.00039600000000000003;-0.00039600000000000003;-0.00039600000000000003;-0.00039600000000000003;-0.00039600000000000003;-0.00039600000000000003;-0.00039600000000000003;-0.00039600000000000003;-0.00039600000000000003;-0.00039600000000000003;-0.00039600000000000003
36;-0.00038700000000000003;-0.00038700000000000003;-0.00040100000000000004;-0.00038700000000000003;-0.00038700000000000003;-0.00038700000000000003;-0.00038700000000000003;-0.00038700000000000003;-0.00038700000000000003;-0.00038700000000000003;-0.00038700000000000003;-0.00038700000000000003;-0.00038700000000000003;-0.00038700000000000003;-0.00038700000000000003;-0.00038700000000000003;-0.00038700000000000003;-0.00038700000000000003;-0.00038700000000000003;-0.00038700000000000003;-0.00038700000000000003;-0.00038700000000000003
37;-0.000348;-0.000348;-0.000359;-0.000348;-0.000348;-0.000348;-0.000348;-0.000348;-0.000348;-0.000348;-0.000348;-0.000348;-0.000348;-0.000348;-0.000348;-0.000348;-0.000348;-0.000348;-0.000348;-0.000348;-0.000348;-0.000348
38;-0.000343;-0.000343;-0.000355;-0.000343;-0.000343;-0.000343;-0.000343;-0.000343;-0.000343;-0.000343;-0.000343;-0.000343;-0.000343;-0.000343;-0.000343;-0.000343;-0.000343;-0.000343;-0.000343;-0.000343;-0.000343;-0.000343
39;-0.000317;-0.000317;-0.00032700000000000003;-0.000317;-0.000317;-0.000317;-0.000317;-0.000317;-0.000317;-0.000317;-0.000317;-0.000317;-0.000317;-0.000317;-0.000317;-0.000317;-0.000317;-0.000317;-0.000317;-0.000317;-0.000317;-0.000317
40;-0.000475;-0.000475;-0.0005;-0.000475;-0.000475;-0.000475;-0.000475;-0.000475;-0.000475;-0.000475;-0.000475;-0.000475;-0.000475;-0.000475;-0.000475;-0.000475;-0.000475;-0.000475;-0.000475;-0.000475;-0.000475;-0.000475
41;-0.000488;-0.000488;-0.0005160000000000001;-0.000488;-0.000488;-0.000488;-0.000488;-0.000488;-0.000488;-0.000488;-0.000488;-0.000488;-0.000488;-0.000488;-0.000488;-0.000488;-0.000488;-0.000488;-0.000488;-0.000488;-0.000488;-0.000488
42;-0.00038799999999999994;-0.00038799999999999994;-0.00040600000000000006;-0.00038799999999999994;-0.00038799999999999994;-0.00038799999999999994;-0.00038799999999999994;-0.00038799999999999994;-0.00038799999999999994;-0.00038799999999999994;-0.00038799999999999994;-0.00038799999999999994;-0.00038799999999999994;-0.00038799999999999994;-0.00038799999999999994;-0.00038799999999999994;-0.00038799999999999994;-0.00038799999999999994;-0.00038799999999999994;-0.00038799999999999994;-0.00038799999999999994;-0.00038799999999999994
43;-0.000565;-0.000565;-0.000608;-0.000565;-0.000565;-0.000565;-0.000565;-0.000565;-0.000565;-0.000565;-0.000565;-0.000565;-0.000565;-0.000565;-0.000565;-0.000565;-0.000565;-0.000565;-0.000565;-0.000565;-0.000565;-0.000565
44;-0.0008240000000000001;-0.0008240000000000001;-0.0009159999999999999;-0.0008240000000000001;-0.0008240000000000001;-0.0008240000000000001;-0.0008240000000000001;-0.0008240000000000001;-0.0008240000000000001;-0.0008240000000000001;-0.0008240000000000001;-0.0008240000000000001;-0.0008240000000000001;-0.0008240000000000001;-0.0008240000000000001;-0.0008240000000000001;-0.0008240000000000001;-0.0008240000000000001;-0.0008240000000000001;-0.0008240000000000001;-0.0008240000000000001;-0.0008240000000000001
45;-0.000383;-0.000383;-0.00040600000000000006;-0.000383;-0.000383;-0.000383;-0.000383;-0.000383;-0.000383;-0.000383;-0.000383;-0.000383;-0.000383;-0.000383;-0.000383;-0.000383;-0.000383;-0.000383;-0.000383;-0.000383;-0.000383;-0.000383
46;-0.00038;-0.00038;-0.00040600000000000006;-0.00038;-0.00038;-0.00038;-0.00038;-0.00038;-0.00038;-0.00038;-0.00038;-0.00038;-0.00038;-0.00038;-0.00038;-0.00038;-0.00038;-0.00038;-0.00038;-0.00038;-0.00038;-0.00038
47;-0.000462;-0.000462;-0.000504;-0.000462;-0.000462;-0.000462;-0.000462;-0.000462;-0.000462;-0.000462;-0.000462;-0.000462;-0.000462;-0.000462;-0.000462;-0.000462;-0.000462;-0.000462;-0.000462;-0.000462;-0.000462;-0.000462
48;-0.000668;-0.000668;-0.000769;-0.000668;-0.000668;-0.000668;-0.000668;-0.000668;-0.000668;-0.000668;-0.000668;-0.000668;-0.000668;-0.000668;-0.000668;-0.000668;-0.000668;-0.000668;-0.000668;-0.000668;-0.000668;-0.000668
49;-0.000474;-0.000474;-0.000536;-0.000474;-0.000474;-0.000474;-0.000474;-0.000474;-0.000474;-0.000474;-0.000474;-0.000474;-0.000474;-0.000474;-0.000474;-0.000474;-0.000474;-0.000474;-0.000474;-0.000474;-0.000474;-0.000474
50;-0.000414;-0.000414;-0.00047200000000000003;-0.000414;-0.000414;-0.000414;-0.000414;-0.000414;-0.000414;-0.000414;-0.000414;-0.000414;-0.000414;-0.000414;-0.000414;-0.000414;-0.000414;-0.000414;-0.000414;-0.000414;-0.000414;-0.000414
51;-0.000185;-0.000185;-0.00019800000000000002;-0.000185;-0.000185;-0.000185;-0.000185;-0.000185;-0.000185;-0.000185;-0.000185;-0.000185;-0.000185;-0.000185;-0.000185;-0.000185;-0.000185;-0.000185;-0.000185;-0.000185;-0.000185;-0.000185
52;-8.1e-05;-8.1e-05;-8.400000000000001e-05;-8.1e-05;-8.1e-05;-8.1e-05;-8.1e-05;-8.1e-05;-8.1e-05;-8.1e-05;-8.1e-05;-8.1e-05;-8.1e-05;-8.1e-05;-8.1e-05;-8.1e-05;-8.1e-05;-8.1e-05;-8.1e-05;-8.1e-05;-8.1e-05;-8.1e-05
53;-0.000111;-0.000111;-0.00011800000000000001;-0.000111;-0.000111;-0.000111;-0.000111;-0.000111;-0.000111;-0.000111;-0.000111;-0.000111;-0.000111;-0.000111;-0.000111;-0.000111;-0.000111;-0.000111;-0.000111;-0.000111;-0.000111;-0.000111
54;-0.000235;-0.000235;0.00272;-0.000235;-0.000235;-0.000235;-0.000235;-0.000235;-0.000235;-0.000235;-0.000235;-0.000235;-0.000235;-0.000235;-0.000235;-0.000235;-0.000235;-0.000235;-0.000235;-0.000235;-0.000235;-0.000235
55;0.00013600000000000003;0.00013600000000000003;-0.002869;0.00013600000000000003;0.00013600000000000003;0.00013600000000000003;0.00013600000000000003;0.00013600000000000003;0.00013600000000000003;0.00013600000000000003;0.00013600000000000003;0.00013600000000000003;0.00013600000000000003;0.00013600000000000003;0.00013600000000000003;0.00013600000000000003;0.00013600000000000003;0.00013600000000000003;0.00013600000000000003;0.00013600000000000003;0.00013600000000000003;0.00013600000000000003
56;-0.000161;-0.000161;-0.00017800000000000002;-0.000161;-0.000161;-0.000161;-0.000161;-0.000161;-0.000161;-0.000161;-0.000161;-0.000161;-0.000161;-0.000161;-0.000161;-0.000161;-0.000161;-0.000161;-0.000161;-0.000161;-0.000161;-0.000161
57;-0.000137;-0.000137;0.0028439999999999997;-0.000137;-0.000137;-0.000137;-0.000137;-0.000137;-0.000137;-0.000137;-0.000137;-0.000137;-0.000137;-0.000137;-0.000137;-0.000137;-0.000137;-0.000137;-0.000137;-0.000137;-0.000137;-0.000137
58;0.000314;0.000314;0.000263;0.000314;0.000314;0.000314;0.000314;0.000314;0.000314;0.000314;0.000314;0.000314;0.000314;0.000314;0.000314;0.000314;0.000314;0.000314;0.000314;0.000314;0.000314;0.000314
59;0.00012;0.00012;0.00011300000000000001;0.00012;0.00012;0.00012;0.00012;0.00012;0.00012;0.00012;0.00012;0.00012;0.00012;0.00012;0.00012;0.00012;0.00012;0.00012;0.00012;0.00012;0.00012;0.00012
60;0.00019500000000000002;0.00019500000000000002;0.00017999999999999998;0.00019500000000000002;0.00019500000000000002;0.00019500000000000002;0.00019500000000000002;0.00019500000000000002;0.00019500000000000002;0.00019500000000000002;0.00019500000000000002;0.00019500000000000002;0.00019500000000000002;0.00019500000000000002;0.00019500000000000002;0.00019500000000000002;0.00019500000000000002;0.00019500000000000002;0.00019500000000000002;0.00019500000000000002;0.00019500000000000002;0.00019500000000000002
61;0.000154;0.000154;0.000146;0.000154;0.000154;0.000154;0.000154;0.000154;0.000154;0.000154;0.000154;0.000154;0.000154;0.000154;0.000154;0.000154;0.000154;0.000154;0.000154;0.000154;0.000154;0.000154
62;0.000221;0.000221;0.00020800000000000001;0.000221;0.000221;0.000221;0.000221;0.000221;0.000221;0.000221;0.000221;0.000221;0.000221;0.000221;0.000221;0.000221;0.000221;0.000221;0.000221;0.000221;0.000221;0.000221
63;0.0007290000000000002;0.0007290000000000002;0.000629;0.0007290000000000002;0.0007290000000000002;0.0007290000000000002;0.0007290000000000002;0.0007290000000000002;0.0007290000000000002;0.0007290000000000002;0.0007290000000000002;0.0007290000000000002;0.0007290000000000002;0.0007290000000000002;0.0007290000000000002;0.0007290000000000002;0.0007290000000000002;0.0007290000000000002;0.0007290000000000002;0.0007290000000000002;0.0007290000000000002;0.0007290000000000002
64;0.001106;0.001106;0.000952;0.001106;0.001106;0.001106;0.001106;0.001106;0.001106;0.001106;0.001106;0.001106;0.001106;0.001106;0.001106;0.001106;0.001106;0.001106;0.001106;0.001106;0.001106;0.001106
65;0.001165;0.001165;0.0010290000000000002;0.001165;0.001165;0.001165;0.001165;0.001165;0.001165;0.001165;0.001165;0.001165;0.001165;0.001165;0.001165;0.001165;0.001165;0.001165;0.001165;0.001165;0.001165;0.001165
66;0.0011200000000000001;0.0011200000000000001;0.0010090000000000001;0.0011200000000000001;0.0011200000000000001;0.0011200000000000001;0.0011200000000000001;0.0011200000000000001;0.0011200000000000001;0.0011200000000000001;0.0011200000000000001;0.0011200000000000001;0.0011200000000000001;0.0011200000000000001;0.0011200000000000001;0.0011200000000000001;0.0011200000000000001;0.0011200000000000001;0.0011200000000000001;0.0011200000000000001;0.0011200000000000001;0.0011200000000000001
67;0.001021;0.001021;0.0009350000000000001;0.001021;0.001021;0.001021;0.001021;0.001021;0.001021;0.001021;0.001021;0.001021;0.001021;0.001021;0.001021;0.001021;0.001021;0.001021;0.001021;0.001021;0.001021;0.001021
68;0.000875;0.000875;0.000815;0.000875;0.000875;0.000875;0.000875;0.000875;0.000875;0.000875;0.000875;0.000875;0.000875;0.000875;0.000875;0.000875;0.000875;0.000875;0.000875;0.000875;0.000875;0.000875
69;0.0013100000000000002;0.0013100000000000002;0.001219;0.0013100000000000002;0.0013100000000000002;0.0013100000000000002;0.0013100000000000002;0.0013100000000000002;0.0013100000000000002;0.0013100000000000002;0.0013100000000000002;0.0013100000000000002;0.0013100000000000002;0.0013100000000000002;0.0013100000000000002;0.0013100000000000002;0.0013100000000000002;0.0013100000000000002;0.0013100000000000002;0.0013100000000000002;0.0013100000000000002;0.0013100000000000002
70;0.001288;0.001288;0.0012070000000000002;0.001288;0.001288;0.001288;0.001288;0.001288;0.001288;0.001288;0.001288;0.001288;0.001288;0.001288;0.001288;0.001288;0.001288;0.001288;0.001288;0.001288;0.001288;0.001288
71;0.0013090000000000003;0.0013090000000000003;0.001233;0.0013090000000000003;0.0013090000000000003;0.0013090000000000003;0.0013090000000000003;0.0013090000000000003;0.0013090000000000003;0.0013090000000000003;0.0013090000000000003;0.0013090000000000003;0.0013090000000000003;0.0013090000000000003;0.0013090000000000003;0.0013090000000000003;0.0013090000000000003;0.0013090000000000003;0.0013090000000000003;0.0013090000000000003;0.0013090000000000003;0.0013090000000000003
72;0.0012360000000000001;0.0012360000000000001;0.0011690000000000001;0.0012360000000000001;0.0012360000000000001;0.0012360000000000001;0.0012360000000000001;0.0012360000000000001;0.0012360000000000001;0.0012360000000000001;0.0012360000000000001;0.0012360000000000001;0.0012360000000000001;0.0012360000000000001;0.0012360000000000001;0.0012360000000000001;0.0012360000000000001;0.0012360000000000001;0.0012360000000000001;0.0012360000000000001;0.0012360000000000001;0.0012360000000000001
73;0.001148;0.001148;0.00109;0.001148;0.001148;0.001148;0.001148;0.001148;0.001148;0.001148;0.001148;0.001148;0.001148;0.001148;0.001148;0.001148;0.001148;0.001148;0.001148;0.001148;0.001148;0.001148
74;0.001194;0.001194;0.001137;0.001194;0.001194;0.001194;0.001194;0.001194;0.001194;0.001194;0.001194;0.001194;0.001194;0.001194;0.001194;0.001194;0.001194;0.001194;0.001194;0.001194;0.001194;0.001194
75;0.001533;0.001533;0.0014709999999999999;0.001533;0.001533;0.001533;0.001533;0.001533;0.001533;0.001533;0.001533;0.001533;0.001533;0.001533;0.001533;0.001533;0.001533;0.001533;0.001533;0.001533;0.001533;0.001533
76;0.001766;0.001766;0.0017109999999999998;0.001766;0.001766;0.001766;0.001766;0.001766;0.001766;0.001766;0.001766;0.001766;0.001766;0.001766;0.001766;0.001766;0.001766;0.001766;0.001766;0.001766;0.001766;0.001766
77;0.001788;0.001788;0.0017369999999999998;0.001788;0.001788;0.001788;0.001788;0.001788;0.001788;0.001788;0.001788;0.001788;0.001788;0.001788;0.001788;0.001788;0.001788;0.001788;0.001788;0.001788;0.001788;0.001788
78;0.001825;0.001825;0.001777;0.001825;0.001825;0.001825;0.001825;0.001825;0.001825;0.001825;0.001825;0.001825;0.001825;0.001825;0.001825;0.001825;0.001825;0.001825;0.001825;0.001825;0.001825;0.001825
79;0.0018100000000000002;0.0018100000000000002;0.001764;0.0018100000000000002;0.0018100000000000002;0.0018100000000000002;0.0018100000000000002;0.0018100000000000002;0.0018100000000000002;0.0018100000000000002;0.0018100000000000002;0.0018100000000000002;0.0018100000000000002;0.0018100000000000002;0.0018100000000000002;0.0018100000000000002;0.0018100000000000002;0.0018100000000000002;0.0018100000000000002;0.0018100000000000002;0.0018100000000000002;0.0018100000000000002
80;0.001825;0.001825;0.0017800000000000001;0.001825;0.001825;0.001825;0.001825;0.001825;0.001825;0.001825;0.001825;0.001825;0.001825;0.001825;0.001825;0.001825;0.001825;0.001825;0.001825;0.001825;0.001825;0.001825
81;0.001611;0.001611;0.0015630000000000002;0.001611;0.001611;0.001611;0.001611;0.001611;0.001611;0.001611;0.001611;0.001611;0.001611;0.001611;0.001611;0.001611;0.001611;0.001611;0.001611;0.001611;0.001611;0.001611
82;0.001585;0.001585;0.001538;0.001585;0.001585;0.001585;0.001585;0.001585;0.001585;0.001585;0.001585;0.001585;0.001585;0.001585;0.001585;0.001585;0.001585;0.001585;0.001585;0.001585;0.001585;0.001585
83;0.0015609999999999999;0.0015609999999999999;0.001516;0.0015609999999999999;0.0015609999999999999;0.0015609999999999999;0.0015609999999999999;0.0015609999999999999;0.0015609999999999999;0.0015609999999999999;0.0015609999999999999;0.0015609999999999999;0.0015609999999999999;0.0015609999999999999;0.0015609999999999999;0.0015609999999999999;0.0015609999999999999;0.0015609999999999999;0.0015609999999999999;0.0015609999999999999;0.0015609999999999999;0.0015609999999999999
84;0.0014390000000000002;0.0014390000000000002;0.0013959999999999999;0.0014390000000000002;0.0014390000000000002;0.0014390000000000002;0.0014390000000000002;0.0014390000000000002;0.0014390000000000002;0.0014390000000000002;0.0014390000000000002;0.0014390000000000002;0.0014390000000000002;0.0014390000000000002;0.0014390000000000002;0.0014390000000000002;0.0014390000000000002;0.0014390000000000002;0.0014390000000000002;0.0014390000000000002;0.0014390000000000002;0.0014390000000000002
85;0.001547;0.001547;0.001506;0.001547;0.001547;0.001547;0.001547;0.001547;0.001547;0.001547;0.001547;0.001547;0.001547;0.001547;0.001547;0.001547;0.001547;0.001547;0.001547;0.001547;0.001547;0.001547
86;0.001532;0.001532;0.001492;0.001532;0.001532;0.001532;0.001532;0.001532;0.001532;0.001532;0.001532;0.001532;0.001532;0.001532;0.001532;0.001532;0.001532;0.001532;0.001532;0.001532;0.001532;0.001532
87;0.00126;0.00126;0.0012250000000000002;0.00126;0.00126;0.00126;0.00126;0.00126;0.00126;0.00126;0.00126;0.00126;0.00126;0.00126;0.00126;0.00126;0.00126;0.00126;0.00126;0.00126;0.00126;0.00126
88;0.001381;0.001381;0.001346;0.001381;0.001381;0.001381;0.001381;0.001381;0.001381;0.001381;0.001381;0.001381;0.001381;0.001381;0.001381;0.001381;0.001381;0.001381;0.001381;0.001381;0.001381;0.001381
89;0.001229;0.001229;0.001198;0.001229;0.001229;0.001229;0.001229;0.001229;0.001229;0.001229;0.001229;0.001229;0.001229;0.001229;0.001229;0.001229;0.001229;0.001229;0.001229;0.001229;0.001229;0.001229
90;0.001176;0.001176;0.001149;0.001176;0.001176;0.001176;0.001176;0.001176;0.001176;0.001176;0.001176;0.001176;0.001176;0.001176;0.001176;0.001176;0.001176;0.001176;0.001176;0.001176;0.001176;0.001176
91;0.001178;0.001178;0.0011520000000000002;0.001178;0.001178;0.001178;0.001178;0.001178;0.001178;0.001178;0.001178;0.001178;0.001178;0.001178;0.001178;0.001178;0.001178;0.001178;0.001178;0.001178;0.001178;0.001178
92;0.001196;0.001196;0.0011710000000000002;0.001196;0.001196;0.001196;0.001196;0.001196;0.001196;0.001196;0.001196;0.001196;0.001196;0.001196;0.001196;0.001196;0.001196;0.001196;0.001196;0.001196;0.001196;0.001196
93;0.000958;0.000958;0.000941;0.000958;0.000958;0.000958;0.000958;0.000958;0.000958;0.000958;0.000958;0.000958;0.000958;0.000958;0.000958;0.000958;0.000958;0.000958;0.000958;0.000958;0.000958;0.000958
94;0.000625;0.000625;0.0006180000000000001;0.000625;0.000625;0.000625;0.000625;0.000625;0.000625;0.000625;0.000625;0.000625;0.000625;0.000625;0.000625;0.000625;0.000625;0.000625;0.000625;0.000625;0.000625;0.000625
95;0.000569;0.000569;0.0005639999999999999;0.000569;0.000569;0.000569;0.000569;0.000569;0.000569;0.000569;0.000569;0.000569;0.000569;0.000569;0.000569;0.000569;0.000569;0.000569;0.000569;0.000569;0.000569;0.000569
96;0.0006450000000000001;0.0006450000000000001;0.000638;0.0006450000000000001;0.0006450000000000001;0.0006450000000000001;0.0006450000000000001;0.0006450000000000001;0.0006450000000000001;0.0006450000000000001;0.0006450000000000001;0.0006450000000000001;0.0006450000000000001;0.0006450000000000001;0.0006450000000000001;0.0006450000000000001;0.0006450000000000001;0.0006450000000000001;0.0006450000000000001;0.0006450000000000001;0.0006450000000000001;0.0006450000000000001
97;0.0007190000000000001;0.0007190000000000001;0.0007120000000000001;0.0007190000000000001;0.0007190000000000001;0.0007190000000000001;0.0007190000000000001;0.0007190000000000001;0.0007190000000000001;0.0007190000000000001;0.0007190000000000001;0.0007190000000000001;0.0007190000000000001;0.0007190000000000001;0.0007190000000000001;0.0007190000000000001;0.0007190000000000001;0.0007190000000000001;0.0007190000000000001;0.0007190000000000001;0.0007190000000000001;0.0007190000000000001
98;0.000604;0.000604;0.0006;0.000604;0.000604;0.000604;0.000604;0.000604;0.000604;0.000604;0.000604;0.000604;0.000604;0.000604;0.000604;0.000604;0.000604;0.000604;0.000604;0.000604;0.000604;0.000604
99;4e-05;4e-05;4e-05;4e-05;4e-05;4e-05;4e-05;4e-05;4e-05;4e-05;4e-05;4e-05;4e-05;4e-05;4e-05;4e-05;4e-05;4e-05;4e-05;4e-05;4e-05;4e-05
100;8.900000000000001e-05;8.900000000000001e-05;8.900000000000001e-05;8.900000000000001e-05;8.900000000000001e-05;8.900000000000001e-05;8.900000000000001e-05;8.900000000000001e-05;8.900000000000001e-05;8.900000000000001e-05;8.900000000000001e-05;8.900000000000001e-05;8.900000000000001e-05;8.900000000000001e-05;8.900000000000001e-05;8.900000000000001e-05;8.900000000000001e-05;8.900000000000001e-05;8.900000000000001e-05;8.900000000000001e-05;8.900000000000001e-05;8.900000000000001e-05
101;0.00032700000000000003;0.00032700000000000003;0.000326;0.00032700000000000003;0.00032700000000000003;0.00032700000000000003;0.00032700000000000003;0.00032700000000000003;0.00032700000000000003;0.00032700000000000003;0.00032700000000000003;0.00032700000000000003;0.00032700000000000003;0.00032700000000000003;0.00032700000000000003;0.00032700000000000003;0.00032700000000000003;0.00032700000000000003;0.00032700000000000003;0.00032700000000000003;0.00032700000000000003;0.00032700000000000003
102;0.000212;0.000212;0.00021100000000000003;0.000212;0.000212;0.000212;0.000212;0.000212;0.000212;0.000212;0.000212;0.000212;0.000212;0.000212;0.000212;0.000212;0.000212;0.000212;0.000212;0.000212;0.000212;0.000212
103;0.00013600000000000003;0.00013600000000000003;0.00013600000000000003;0.00013600000000000003;0.00013600000000000003;0.00013600000000000003;0.00013600000000000003;0.00013600000000000003;0.00013600000000000003;0.00013600000000000003;0.00013600000000000003;0.00013600000000000003;0.00013600000000000003;0.00013600000000000003;0.00013600000000000003;0.00013600000000000003;0.00013600000000000003;0.00013600000000000003;0.00013600000000000003;0.00013600000000000003;0.00013600000000000003;0.00013600000000000003
104;0.000223;0.000223;0.000223;0.000223;0.000223;0.000223;0.000223;0.000223;0.000223;0.000223;0.000223;0.000223;0.000223;0.000223;0.000223;0.000223;0.000223;0.000223;0.000223;0.000223;0.000223;0.000223
105;-0.000399;-0.000399;-0.000399;-0.000399;-0.000399;-0.000399;-0.000399;-0.000399;-0.000399;-0.000399;-0.000399;-0.000399;-0.000399;-0.000399;-0.000399;-0.000399;-0.000399;-0.000399;-0.000399;-0.000399;-0.000399;-0.000399
106;-0.000315;-0.000315;-0.000315;-0.000315;-0.000315;-0.000315;-0.000315;-0.000315;-0.000315;-0.000315;-0.000315;-0.000315;-0.000315;-0.000315;-0.000315;-0.000315;-0.000315;-0.000315;-0.000315;-0.000315;-0.000315;-0.000315
107;-0.000337;-0.000337;-0.000337;-0.000337;-0.000337;-0.000337;-0.000337;-0.000337;-0.000337;-0.000337;-0.000337;-0.000337;-0.000337;-0.000337;-0.000337;-0.000337;-0.000337;-0.000337;-0.000337;-0.000337;-0.000337;-0.000337
108;-0.00046600000000000005;-0.00046600000000000005;-0.00046600000000000005;-0.00046600000000000005;-0.00046600000000000005;-0.00046600000000000005;-0.00046600000000000005;-0.00046600000000000005;-0.00046600000000000005;-0.00046600000000000005;-0.00046600000000000005;-0.00046600000000000005;-0.00046600000000000005;-0.00046600000000000005;-0.00046600000000000005;-0.00046600000000000005;-0.00046600000000000005;-0.00046600000000000005;-0.00046600000000000005;-0.00046600000000000005;-0.00046600000000000005;-0.00046600000000000005
109;-0.000513;-0.000513;-0.000513;-0.000513;-0.000513;-0.000513;-0.000513;-0.000513;-0.000513;-0.000513;-0.000513;-0.000513;-0.000513;-0.000513;-0.000513;-0.000513;-0.000513;-0.000513;-0.000513;-0.000513;-0.000513;-0.000513
110;-0.000479;-0.000479;-0.000479;-0.000479;-0.000479;-0.000479;-0.000479;-0.000479;-0.000479;-0.000479;-0.000479;-0.000479;-0.000479;-0.000479;-0.000479;-0.000479;-0.000479;-0.000479;-0.000479;-0.000479;-0.000479;-0.000479
111;-0.0007859999999999999;-0.0007859999999999999;-0.000787;-0.0007859999999999999;-0.0007859999999999999;-0.0007859999999999999;-0.0007859999999999999;-0.0007859999999999999;-0.0007859999999999999;-0.0007859999999999999;-0.0007859999999999999;-0.0007859999999999999;-0.0007859999999999999;-0.0007859999999999999;-0.0007859999999999999;-0.0007859999999999999;-0.0007859999999999999;-0.0007859999999999999;-0.0007859999999999999;-0.0007859999999999999;-0.0007859999999999999;-0.0007859999999999999
112;-0.000768;-0.000768;-0.000769;-0.000768;-0.000768;-0.000768;-0.000768;-0.000768;-0.000768;-0.000768;-0.000768;-0.000768;-0.000768;-0.000768;-0.000768;-0.000768;-0.000768;-0.000768;-0.000768;-0.000768;-0.000768;-0.000768
113;-0.0007859999999999999;-0.0007859999999999999;-0.0007859999999999999;-0.0007859999999999999;-0.0007859999999999999;-0.0007859999999999999;-0.0007859999999999999;-0.0007859999999999999;-0.0007859999999999999;-0.0007859999999999999;-0.0007859999999999999;-0.0007859999999999999;-0.0007859999999999999;-0.0007859999999999999;-0.0007859999999999999;-0.0007859999999999999;-0.0007859999999999999;-0.0007859999999999999;-0.0007859999999999999;-0.0007859999999999999;-0.0007859999999999999;-0.0007859999999999999
114;-0.0007509999999999999;-0.0007509999999999999;-0.0007520000000000001;-0.0007509999999999999;-0.0007509999999999999;-0.0007509999999999999;-0.0007509999999999999;-0.0007509999999999999;-0.0007509999999999999;-0.0007509999999999999;-0.0007509999999999999;-0.0007509999999999999;-0.0007509999999999999;-0.0007509999999999999;-0.0007509999999999999;-0.0007509999999999999;-0.0007509999999999999;-0.0007509999999999999;-0.0007509999999999999;-0.0007509999999999999;-0.0007509999999999999;-0.0007509999999999999
115;-0.0006459999999999999;-0.0006459999999999999;-0.0006459999999999999;-0.0006459999999999999;-0.0006459999999999999;-0.0006459999999999999;-0.0006459999999999999;-0.0006459999999999999;-0.0006459999999999999;-0.0006459999999999999;-0.0006459999999999999;-0.0006459999999999999;-0.0006459999999999999;-0.0006459999999999999;-0.0006459999999999999;-0.0006459999999999999;-0.0006459999999999999;-0.0006459999999999999;-0.0006459999999999999;-0.0006459999999999999;-0.0006459999999999999;-0.0006459999999999999
116;-0.0006270000000000001;-0.0006270000000000001;-0.0006270000000000001;-0.0006270000000000001;-0.0006270000000000001;-0.0006270000000000001;-0.0006270000000000001;-0.0006270000000000001;-0.0006270000000000001;-0.0006270000000000001;-0.0006270000000000001;-0.0006270000000000001;-0.0006270000000000001;-0.0006270000000000001;-0.0006270000000000001;-0.0006270000000000001;-0.0006270000000000001;-0.0006270000000000001;-0.0006270000000000001;-0.0006270000000000001;-0.0006270000000000001;-0.0006270000000000001
117;-0.000629;-0.000629;-0.000629;-0.000629;-0.000629;-0.000629;-0.000629;-0.000629;-0.000629;-0.000629;-0.000629;-0.000629;-0.000629;-0.000629;-0.000629;-0.000629;-0.000629;-0.000629;-0.000629;-0.000629;-0.000629;-0.000629
118;-0.00061;-0.00061;-0.00061;-0.00061;-0.00061;-0.00061;-0.00061;-0.00061;-0.00061;-0.00061;-0.00061;-0.00061;-0.00061;-0.00061;-0.00061;-0.00061;-0.00061;-0.00061;-0.00061;-0.00061;-0.00061;-0.00061
119;-0.000643;-0.000643;-0.000644;-0.000643;-0.000643;-0.000643;-0.000643;-0.000643;-0.000643;-0.000643;-0.000643;-0.000643;-0.000643;-0.000643;-0.000643;-0.000643;-0.000643;-0.000643;-0.000643;-0.000643;-0.000643;-0.000643
120;-0.00073;-0.00073;-0.00073;-0.00073;-0.00073;-0.00073;-0.00073;-0.00073;-0.00073;-0.00073;-0.00073;-0.00073;-0.00073;-0.00073;-0.00073;-0.00073;-0.00073;-0.00073;-0.00073;-0.00073;-0.00073;-0.00073
121;-0.0007800000000000001;-0.0007800000000000001;-0.0007809999999999999;-0.0007800000000000001;-0.0007800000000000001;-0.0007800000000000001;-0.0007800000000000001;-0.0007800000000000001;-0.0007800000000000001;-0.0007800000000000001;-0.0007800000000000001;-0.0007800000000000001;-0.0007800000000000001;-0.0007800000000000001;-0.0007800000000000001;-0.0007800000000000001;-0.0007800000000000001;-0.0007800000000000001;-0.0007800000000000001;-0.0007800000000000001;-0.0007800000000000001;-0.0007800000000000001
122;-0.000882;-0.000882;-0.000883;-0.000882;-0.000882;-0.000882;-0.000882;-0.000882;-0.000882;-0.000882;-0.000882;-0.000882;-0.000882;-0.000882;-0.000882;-0.000882;-0.000882;-0.000882;-0.000882;-0.000882;-0.000882;-0.000882
123;-0.00083;-0.00083;-0.0008309999999999999;-0.00083;-0.00083;-0.00083;-0.00083;-0.00083;-0.00083;-0.00083;-0.00083;-0.00083;-0.00083;-0.00083;-0.00083;-0.00083;-0.00083;-0.00083;-0.00083;-0.00083;-0.00083;-0.00083
124;-0.0006490000000000001;-0.0006490000000000001;-0.0006490000000000001;-0.0006490000000000001;-0.0006490000000000001;-0.0006490000000000001;-0.0006490000000000001;-0.0006490000000000001;-0.0006490000000000001;-0.0006490000000000001;-0.0006490000000000001;-0.0006490000000000001;-0.0006490000000000001;-0.0006490000000000001;-0.0006490000000000001;-0.0006490000000000001;-0.0006490000000000001;-0.0006490000000000001;-0.0006490000000000001;-0.0006490000000000001;-0.0006490000000000001;-0.0006490000000000001
125;-0.000737;-0.000737;-0.000737;-0.000737;-0.000737;-0.000737;-0.000737;-0.000737;-0.000737;-0.000737;-0.000737;-0.000737;-0.000737;-0.000737;-0.000737;-0.000737;-0.000737;-0.000737;-0.000737;-0.000737;-0.000737;-0.000737
126;-0.00062;-0.00062;-0.00062;-0.00062;-0.00062;-0.00062;-0.00062;-0.00062;-0.00062;-0.00062;-0.00062;-0.00062;-0.00062;-0.00062;-0.00062;-0.00062;-0.00062;-0.00062;-0.00062;-0.00062;-0.00062;-0.00062
127;-0.0007920000000000001;-0.0007920000000000001;-0.0007920000000000001;-0.0007920000000000001;-0.0007920000000000001;-0.0007920000000000001;-0.0007920000000000001;-0.0007920000000000001;-0.0007920000000000001;-0.0007920000000000001;-0.0007920000000000001;-0.0007920000000000001;-0.0007920000000000001;-0.0007920000000000001;-0.0007920000000000001;-0.0007920000000000001;-0.0007920000000000001;-0.0007920000000000001;-0.0007920000000000001;-0.0007920000000000001;-0.0007920000000000001;-0.0007920000000000001
128;-0.000978;-0.000978;-0.000978;-0.000978;-0.000978;-0.000978;-0.000978;-0.000978;-0.000978;-0.000978;-0.000978;-0.000978;-0.000978;-0.000978;-0.000978;-0.000978;-0.000978;-0.000978;-0.000978;-0.000978;-0.000978;-0.000978
129;-0.000755;-0.000755;-0.000755;-0.000755;-0.000755;-0.000755;-0.000755;-0.000755;-0.000755;-0.000755;-0.000755;-0.000755;-0.000755;-0.000755;-0.000755;-0.000755;-0.000755;-0.000755;-0.000755;-0.000755;-0.000755;-0.000755
130;-0.000757;-0.000757;-0.000757;-0.000757;-0.000757;-0.000757;-0.000757;-0.000757;-0.000757;-0.000757;-0.000757;-0.000757;-0.000757;-0.000757;-0.000757;-0.000757;-0.000757;-0.000757;-0.000757;-0.000757;-0.000757;-0.000757
131;-0.000825;-0.000825;-0.000825;-0.000825;-0.000825;-0.000825;-0.000825;-0.000825;-0.000825;-0.000825;-0.000825;-0.000825;-0.000825;-0.000825;-0.000825;-0.000825;-0.000825;-0.000825;-0.000825;-0.000825;-0.000825;-0.000825
132;-0.0009690000000000001;-0.0009690000000000001;-0.0009690000000000001;-0.0009690000000000001;-0.0009690000000000001;-0.0009690000000000001;-0.0009690000000000001;-0.0009690000000000001;-0.0009690000000000001;-0.0009690000000000001;-0.0009690000000000001;-0.0009690000000000001;-0.0009690000000000001;-0.0009690000000000001;-0.0009690000000000001;-0.0009690000000000001;-0.0009690000000000001;-0.0009690000000000001;-0.0009690000000000001;-0.0009690000000000001;-0.0009690000000000001;-0.0009690000000000001
133;-0.000925;-0.000925;-0.000926;-0.000925;-0.000925;-0.000925;-0.000925;-0.000925;-0.000925;-0.000925;-0.000925;-0.000925;-0.000925;-0.000925;-0.000925;-0.000925;-0.000925;-0.000925;-0.000925;-0.000925;-0.000925;-0.000925
134;-0.000742;-0.000742;-0.0007430000000000001;-0.000742;-0.000742;-0.000742;-0.000742;-0.000742;-0.000742;-0.000742;-0.000742;-0.000742;-0.000742;-0.000742;-0.000742;-0.000742;-0.000742;-0.000742;-0.000742;-0.000742;-0.000742;-0.000742
135;-0.000767;-0.000767;-0.000768;-0.000767;-0.000767;-0.000767;-0.000767;-0.000767;-0.000767;-0.000767;-0.000767;-0.000767;-0.000767;-0.000767;-0.000767;-0.000767;-0.000767;-0.000767;-0.000767;-0.000767;-0.000767;-0.000767
136;-0.000788;-0.000788;-0.000788;-0.000788;-0.000788;-0.000788;-0.000788;-0.000788;-0.000788;-0.000788;-0.000788;-0.000788;-0.000788;-0.000788;-0.000788;-0.000788;-0.000788;-0.000788;-0.000788;-0.000788;-0.000788;-0.000788
137;-0.00071;-0.00071;-0.0007109999999999999;-0.00071;-0.00071;-0.00071;-0.00071;-0.00071;-0.00071;-0.00071;-0.00071;-0.00071;-0.00071;-0.00071;-0.00071;-0.00071;-0.00071;-0.00071;-0.00071;-0.00071;-0.00071;-0.00071
138;-0.000515;-0.000515;-0.000515;-0.000515;-0.000515;-0.000515;-0.000515;-0.000515;-0.000515;-0.000515;-0.000515;-0.000515;-0.000515;-0.000515;-0.000515;-0.000515;-0.000515;-0.000515;-0.000515;-0.000515;-0.000515;-0.000515
139;-0.00047;-0.00047;-0.00047;-0.00047;-0.00047;-0.00047;-0.00047;-0.00047;-0.00047;-0.00047;-0.00047;-0.00047;-0.00047;-0.00047;-0.00047;-0.00047;-0.00047;-0.00047;-0.00047;-0.00047;-0.00047;-0.00047
140;-0.00043700000000000005;-0.00043700000000000005;-0.00043799999999999997;-0.00043700000000000005;-0.00043700000000000005;-0.00043700000000000005;-0.00043700000000000005;-0.00043700000000000005;-0.00043700000000000005;-0.00043700000000000005;-0.00043700000000000005;-0.00043700000000000005;-0.00043700000000000005;-0.00043700000000000005;-0.00043700000000000005;-0.00043700000000000005;-0.00043700000000000005;-0.00043700000000000005;-0.00043700000000000005;-0.00043700000000000005;-0.00043700000000000005;-0.00043700000000000005
141;-0.000536;-0.000536;-0.000537;-0.000536;-0.000536;-0.000536;-0.000536;-0.000536;-0.000536;-0.000536;-0.000536;-0.000536;-0.000536;-0.000536;-0.000536;-0.000536;-0.000536;-0.000536;-0.000536;-0.000536;-0.000536;-0.000536
142;-0.0005639999999999999;-0.0005639999999999999;-0.000565;-0.0005639999999999999;-0.0005639999999999999;-0.0005639999999999999;-0.0005639999999999999;-0.0005639999999999999;-0.0005639999999999999;-0.0005639999999999999;-0.0005639999999999999;-0.0005639999999999999;-0.0005639999999999999;-0.0005639999999999999;-0.0005639999999999999;-0.0005639999999999999;-0.0005639999999999999;-0.0005639999999999999;-0.0005639999999999999;-0.0005639999999999999;-0.0005639999999999999;-0.0005639999999999999
143;-0.000408;-0.000408;-0.00041700000000000005;-0.000408;-0.000408;-0.000408;-0.000408;-0.000408;-0.000408;-0.000408;-0.000408;-0.000408;-0.000408;-0.000408;-0.000408;-0.000408;-0.000408;-0.000408;-0.000408;-0.000408;-0.000408;-0.000408
